uid,score,timePlaying,totalPoints,highscore,numberOfPlays,date,gameMode
"00001",5,6,7,8,9,,
"0420",4,2,0,0,0,,
"0421",4,2,0,0,0,,
"1423252252082",1,1,1,1,1,,
"1423252868772",9,8,9,9,1,,
"1423260905371",36,35,36,36,1,,
"1423331323307",3,522,441,141,18,,
"1423333719826",1,3,2,1,2,,
"1423333719826",1,1,1,1,1,,
"1423335862368",2,2,2,2,1,,
"1423335862368",0,2,2,2,2,"Sat Feb 07 2015 19:05:19 GMT+0000 (UTC)",
"1423333719826",88,109,101,88,4,"Sat Feb 07 2015 19:17:47 GMT+0000 (UTC)",
"1423333719826",105,125,18,105,4,"Sat Feb 07 2015 19:18:17 GMT+0000 (UTC)",
"1423439534924",1,10,1,1,4,"Sun Feb 08 2015 23:52:14 GMT+0000 (UTC)",
"1423252868772",26,84,104,60,4,"Mon Feb 09 2015 12:37:15 GMT+0000 (UTC)",
"1423252868772",97,162,201,97,5,"Mon Feb 09 2015 12:38:36 GMT+0000 (UTC)",
"1423495987770",1,1,1,1,1,"Mon Feb 09 2015 15:30:31 GMT+0000 (UTC)","normal"
"1423495987770",6,8,7,6,2,"Mon Feb 09 2015 16:07:25 GMT+0000 (UTC)","normal"
"1423495987770",2,10,9,6,3,"Mon Feb 09 2015 16:08:11 GMT+0000 (UTC)","normal"
"1423495987770",1,11,10,6,4,"Mon Feb 09 2015 16:10:00 GMT+0000 (UTC)","normal"
"1423495987770",1,13,11,6,5,"Mon Feb 09 2015 16:11:45 GMT+0000 (UTC)","normal"
"1423495987770",1,15,12,6,6,"Mon Feb 09 2015 16:12:05 GMT+0000 (UTC)","normal"
"1423495987770",3,19,15,6,7,"Mon Feb 09 2015 16:12:31 GMT+0000 (UTC)","normal"
"1423495987770",1,19,16,6,8,"Mon Feb 09 2015 16:12:38 GMT+0000 (UTC)","normal"
"1423495987770",1,19,16,6,8,"Mon Feb 09 2015 16:12:42 GMT+0000 (UTC)","normal"
"1423252868772",8,171,209,97,6,"Mon Feb 09 2015 16:13:23 GMT+0000 (UTC)","normal"
"1423252868772",5,176,214,97,7,"Mon Feb 09 2015 16:17:16 GMT+0000 (UTC)","normal"
"1423495987770",1,20,17,6,9,"Mon Feb 09 2015 16:51:48 GMT+0000 (UTC)","normal"
"1423252868772",166,331,380,166,8,"Mon Feb 09 2015 19:25:09 GMT+0000 (UTC)","normal"
"1423252868772",197,356,311,197,8,"Mon Feb 09 2015 19:25:36 GMT+0000 (UTC)","normal"
"1423252868772",202,360,116,202,8,"Mon Feb 09 2015 19:25:43 GMT+0000 (UTC)","normal"
"1423252868772",6,366,122,202,9,"Mon Feb 09 2015 19:26:30 GMT+0000 (UTC)","normal"
"1423252868772",6,366,122,202,9,"Mon Feb 09 2015 19:26:30 GMT+0000 (UTC)","normal"
"1423252868772",2,368,124,202,10,"Mon Feb 09 2015 20:49:24 GMT+0000 (UTC)","normal"
"1423252868772",8,374,132,202,11,"Mon Feb 09 2015 20:49:28 GMT+0000 (UTC)","normal"
"1423252868772",4,377,136,202,12,"Mon Feb 09 2015 20:49:37 GMT+0000 (UTC)","normal"
"1423252868772",20,395,156,202,13,"Tue Feb 10 2015 00:22:16 GMT+0000 (UTC)","normal"
"1423252868772",16,409,172,202,14,"Tue Feb 10 2015 00:22:33 GMT+0000 (UTC)","normal"
"1423252868772",17,429,189,202,15,"Tue Feb 10 2015 00:24:17 GMT+0000 (UTC)","normal"
"1423530048200",1,5,1,1,1,"Tue Feb 10 2015 01:21:51 GMT+0000 (UTC)","normal"
"1423530048200",30,37,31,30,2,"Tue Feb 10 2015 01:23:43 GMT+0000 (UTC)","normal"
"1423530048200",4,44,35,30,3,"Tue Feb 10 2015 01:24:56 GMT+0000 (UTC)","normal"
"1423530048200",13,60,48,30,4,"Tue Feb 10 2015 01:25:53 GMT+0000 (UTC)","normal"
"1423530048200",2,67,50,30,5,"Tue Feb 10 2015 01:26:02 GMT+0000 (UTC)","normal"
"1423265542728",0,1386,5064,143,68,"Tue Feb 10 2015 13:26:53 GMT+0000 (UTC)",
"1423265542728",29,1416,5093,143,69,"Tue Feb 10 2015 13:27:27 GMT+0000 (UTC)",
"1423265542728",1,1417,5094,143,70,"Tue Feb 10 2015 13:27:35 GMT+0000 (UTC)",
"1423265542728",14,1431,5108,143,71,"Tue Feb 10 2015 13:27:54 GMT+0000 (UTC)",
"1423265542728",3,1435,5111,143,72,"Tue Feb 10 2015 13:28:02 GMT+0000 (UTC)",
"1423265542728",2,1437,5113,143,73,"Tue Feb 10 2015 13:28:06 GMT+0000 (UTC)",
"1423265542728",5,1442,5118,143,74,"Tue Feb 10 2015 13:28:15 GMT+0000 (UTC)",
"1423265542728",30,1475,5148,143,75,"Tue Feb 10 2015 13:28:51 GMT+0000 (UTC)",
"1423265542728",2,1478,5150,143,76,"Tue Feb 10 2015 13:29:02 GMT+0000 (UTC)",
"1423265542728",6,1488,5156,143,77,"Tue Feb 10 2015 13:29:15 GMT+0000 (UTC)",
"1423265542728",3,1491,5159,143,78,"Tue Feb 10 2015 13:29:20 GMT+0000 (UTC)",
"1423265542728",36,1529,5195,143,79,"Tue Feb 10 2015 13:30:00 GMT+0000 (UTC)",
"1423265542728",7,1537,15202,143,80,"Tue Feb 10 2015 13:50:54 GMT+0000 (UTC)",
"1423265542728",9,1546,15211,143,81,"Tue Feb 10 2015 13:51:00 GMT+0000 (UTC)",
"1423252868772",1,437,190,202,16,"Tue Feb 10 2015 17:29:33 GMT+0000 (UTC)","normal"
"1423252868772",0,440,190,202,17,"Tue Feb 10 2015 17:29:39 GMT+0000 (UTC)","normal"
"1423252868772",0,441,190,202,18,"Tue Feb 10 2015 17:29:44 GMT+0000 (UTC)","normal"
"1423252868772",5,447,195,202,19,"Tue Feb 10 2015 17:33:59 GMT+0000 (UTC)","normal"
"1423252868772",2,449,197,202,20,"Tue Feb 10 2015 17:37:45 GMT+0000 (UTC)","normal"
"1423252868772",15,461,212,202,21,"Tue Feb 10 2015 21:17:09 GMT+0000 (UTC)","normal"
"1423252868772",29,483,241,202,22,"Tue Feb 10 2015 21:17:33 GMT+0000 (UTC)","normal"
"1423252868772",56,526,297,202,23,"Tue Feb 10 2015 21:18:19 GMT+0000 (UTC)","normal"
"1423252868772",16,538,313,202,24,"Tue Feb 10 2015 21:18:35 GMT+0000 (UTC)","normal"
"1423252868772",50,577,363,202,25,"Tue Feb 10 2015 21:19:16 GMT+0000 (UTC)","normal"
"1423439534924",35,40,36,35,5,"Wed Feb 11 2015 02:26:25 GMT+0000 (UTC)","normal"
"1423622559471",80,3960,96,172,94,"Wed Feb 11 2015 02:44:26 GMT+0000 (UTC)","blacktheme"
"1423495987770",0,23,17,6,10,"Wed Feb 11 2015 14:22:18 GMT+0000 (UTC)","normal"
"1423495987770",0,26,17,6,11,"Wed Feb 11 2015 14:31:15 GMT+0000 (UTC)","normal"
"1423495987770",0,29,17,6,12,"Wed Feb 11 2015 14:32:37 GMT+0000 (UTC)","normal"
"1423495987770",0,32,17,6,13,"Wed Feb 11 2015 14:34:10 GMT+0000 (UTC)","normal"
"1423495987770",6,43,23,6,14,"Wed Feb 11 2015 14:47:02 GMT+0000 (UTC)","normal"
"1423495987770",6,52,29,6,15,"Wed Feb 11 2015 14:48:07 GMT+0000 (UTC)","normal"
"1423495987770",7,61,36,7,16,"Wed Feb 11 2015 14:48:44 GMT+0000 (UTC)","normal"
"1423495987770",0,62,36,7,17,"Wed Feb 11 2015 14:48:47 GMT+0000 (UTC)","normal"
"1423495987770",6,69,42,7,18,"Wed Feb 11 2015 14:48:57 GMT+0000 (UTC)","normal"
"1423495987770",6,79,48,7,19,"Wed Feb 11 2015 14:50:21 GMT+0000 (UTC)","normal"
"1423252868772",7,583,370,202,26,"Wed Feb 11 2015 15:17:16 GMT+0000 (UTC)","normal"
"1423252868772",3,585,373,202,27,"Wed Feb 11 2015 15:17:18 GMT+0000 (UTC)","normal"
"1423252868772",7,591,380,202,28,"Wed Feb 11 2015 15:17:27 GMT+0000 (UTC)","normal"
"1423495987770",1,81,49,7,20,"Wed Feb 11 2015 15:23:22 GMT+0000 (UTC)","normal"
"1423495987770",0,82,49,7,21,"Wed Feb 11 2015 15:29:43 GMT+0000 (UTC)","normal"
"1423495987770",10,94,59,10,22,"Wed Feb 11 2015 15:30:13 GMT+0000 (UTC)","normal"
"1423495987770",3,97,62,10,23,"Wed Feb 11 2015 15:30:21 GMT+0000 (UTC)","normal"
"1423495987770",0,104,62,10,24,"Wed Feb 11 2015 15:30:33 GMT+0000 (UTC)","normal"
"1423495987770",0,104,62,10,25,"Wed Feb 11 2015 15:30:47 GMT+0000 (UTC)","normal"
"1423495987770",1,106,63,10,26,"Wed Feb 11 2015 15:31:56 GMT+0000 (UTC)","normal"
"1423495987770",0,107,63,10,27,"Wed Feb 11 2015 15:33:55 GMT+0000 (UTC)","normal"
"1423252868772",13,602,393,202,29,"Wed Feb 11 2015 15:59:00 GMT+0000 (UTC)","normal"
"1423252868772",25,628,418,202,30,"Wed Feb 11 2015 16:15:02 GMT+0000 (UTC)","normal"
"1423252868772",2,630,420,202,31,"Wed Feb 11 2015 16:15:13 GMT+0000 (UTC)","normal"
"1423252868772",3,633,423,202,32,"Wed Feb 11 2015 16:15:17 GMT+0000 (UTC)","normal"
"1423252868772",75,695,498,202,33,"Wed Feb 11 2015 17:23:41 GMT+0000 (UTC)","normal"
"1423252868772",3,698,501,202,34,"Wed Feb 11 2015 17:23:52 GMT+0000 (UTC)","normal"
"1423495987770",5,114,68,10,28,"Wed Feb 11 2015 19:53:28 GMT+0000 (UTC)","normal"
"1423495987770",0,115,68,10,29,"Wed Feb 11 2015 19:53:38 GMT+0000 (UTC)","normal"
"1423252868772",33,726,534,202,35,"Wed Feb 11 2015 20:26:01 GMT+0000 (UTC)","normal"
"1423252868772",146,816,547,202,35,"Wed Feb 11 2015 20:27:33 GMT+0000 (UTC)","normal"
"1423252868772",230,885,431,230,35,"Wed Feb 11 2015 20:29:02 GMT+0000 (UTC)","normal"
"1423252868772",3,888,434,230,36,"Wed Feb 11 2015 20:30:11 GMT+0000 (UTC)","normal"
"1423252868772",3,891,437,230,37,"Wed Feb 11 2015 20:30:27 GMT+0000 (UTC)","normal"
"1423252868772",5,895,442,230,38,"Wed Feb 11 2015 20:31:04 GMT+0000 (UTC)","normal"
"1423252868772",86,968,528,230,39,"Wed Feb 11 2015 20:32:36 GMT+0000 (UTC)","normal"
"1423252868772",10,976,38,230,40,"Wed Feb 11 2015 20:33:16 GMT+0000 (UTC)","blacktheme"
"1423252868772",54,1018,92,230,41,"Wed Feb 11 2015 20:34:00 GMT+0000 (UTC)","blacktheme"
"1423252868772",3,1020,95,230,42,"Wed Feb 11 2015 20:34:36 GMT+0000 (UTC)","normal"
"1423333719826",57,181,75,105,5,"Wed Feb 11 2015 21:55:28 GMT+0000 (UTC)","normal"
"1423252868772",10,1030,105,230,43,"Wed Feb 11 2015 22:23:37 GMT+0000 (UTC)","normal"
"1423252868772",29,1055,134,230,44,"Wed Feb 11 2015 22:23:39 GMT+0000 (UTC)","normal"
"1423333719826",0,182,75,105,6,"Wed Feb 11 2015 23:15:23 GMT+0000 (UTC)","normal"
"1423333719826",52,230,127,105,7,"Wed Feb 11 2015 23:16:38 GMT+0000 (UTC)","normal"
"1423696797788",1,563,444,153,22,"Wed Feb 11 2015 23:20:19 GMT+0000 (UTC)","normal"
"1423696797788",0,566,444,153,23,"Wed Feb 11 2015 23:20:35 GMT+0000 (UTC)","normal"
"1423696797788",84,661,528,153,24,"Wed Feb 11 2015 23:22:28 GMT+0000 (UTC)","normal"
"1423696797788",85,662,529,153,24,"Wed Feb 11 2015 23:22:29 GMT+0000 (UTC)","normal"
"1423333719826",123,355,250,123,8,"Wed Feb 11 2015 23:22:33 GMT+0000 (UTC)","normal"
"1423333719826",123,355,250,123,8,"Wed Feb 11 2015 23:22:33 GMT+0000 (UTC)","normal"
"1423696797788",112,693,456,153,24,"Wed Feb 11 2015 23:23:05 GMT+0000 (UTC)","normal"
"1423696797788",113,694,457,153,24,"Wed Feb 11 2015 23:23:06 GMT+0000 (UTC)","normal"
"1423696797788",177,886,634,177,25,"Wed Feb 11 2015 23:28:38 GMT+0000 (UTC)","normal"
"1423696797788",178,887,635,178,25,"Wed Feb 11 2015 23:28:39 GMT+0000 (UTC)","normal"
"1423696797788",292,1008,649,292,25,"Wed Feb 11 2015 23:30:55 GMT+0000 (UTC)","normal"
"1423696797788",293,1009,650,293,25,"Wed Feb 11 2015 23:30:56 GMT+0000 (UTC)","normal"
"1423333719826",54,404,304,123,9,"Wed Feb 11 2015 23:33:29 GMT+0000 (UTC)","normal"
"1423333719826",120,510,424,123,10,"Wed Feb 11 2015 23:35:26 GMT+0000 (UTC)","normal"
"1423333719826",3,513,427,123,11,"Wed Feb 11 2015 23:36:21 GMT+0000 (UTC)","normal"
"1423333719826",70,575,497,123,12,"Wed Feb 11 2015 23:37:24 GMT+0000 (UTC)","normal"
"1423333719826",105,605,432,123,12,"Wed Feb 11 2015 23:37:58 GMT+0000 (UTC)","normal"
"1423333719826",108,608,235,123,12,"Wed Feb 11 2015 23:38:03 GMT+0000 (UTC)","normal"
"1423333719826",30,632,265,123,13,"Wed Feb 11 2015 23:38:41 GMT+0000 (UTC)","normal"
"1423333719826",77,671,212,123,13,"Wed Feb 11 2015 23:39:24 GMT+0000 (UTC)","normal"
"1423333719826",87,679,22,123,13,"Wed Feb 11 2015 23:39:33 GMT+0000 (UTC)","normal"
"1423333719826",2,681,24,123,14,"Wed Feb 11 2015 23:39:37 GMT+0000 (UTC)","normal"
"1423333719826",46,720,70,123,15,"Wed Feb 11 2015 23:40:35 GMT+0000 (UTC)","normal"
"1423333719826",20,737,90,123,16,"Wed Feb 11 2015 23:40:53 GMT+0000 (UTC)","normal"
"1423333719826",0,737,90,123,17,"Wed Feb 11 2015 23:40:55 GMT+0000 (UTC)","normal"
"1423333719826",7,743,97,123,18,"Wed Feb 11 2015 23:41:26 GMT+0000 (UTC)","normal"
"1423333719826",24,771,121,123,19,"Wed Feb 11 2015 23:41:55 GMT+0000 (UTC)","normal"
"1423333719826",23,790,144,123,20,"Wed Feb 11 2015 23:42:18 GMT+0000 (UTC)","normal"
"1423333719826",5,794,149,123,21,"Wed Feb 11 2015 23:42:24 GMT+0000 (UTC)","normal"
"1423333719826",8,801,157,123,22,"Wed Feb 11 2015 23:42:33 GMT+0000 (UTC)","normal"
"1423333719826",12,814,169,123,23,"Wed Feb 11 2015 23:42:49 GMT+0000 (UTC)","normal"
"1423333719826",0,815,169,123,24,"Wed Feb 11 2015 23:42:52 GMT+0000 (UTC)","normal"
"1423333719826",2,816,171,123,25,"Wed Feb 11 2015 23:42:55 GMT+0000 (UTC)","normal"
"1423333719826",2,817,173,123,26,"Wed Feb 11 2015 23:43:00 GMT+0000 (UTC)","normal"
"1423333719826",3,819,176,123,27,"Wed Feb 11 2015 23:43:04 GMT+0000 (UTC)","normal"
"1423331323307",43,561,484,141,19,"Thu Feb 12 2015 00:22:53 GMT+0000 (UTC)","normal"
"1423331323307",72,588,413,141,19,"Thu Feb 12 2015 00:23:22 GMT+0000 (UTC)","normal"
"1423331323307",0,588,413,141,20,"Thu Feb 12 2015 00:24:21 GMT+0000 (UTC)","normal"
"1423331323307",3,590,416,141,21,"Thu Feb 12 2015 00:24:41 GMT+0000 (UTC)","normal"
"1423252868772",44,1092,178,230,45,"Thu Feb 12 2015 00:44:39 GMT+0000 (UTC)","normal"
"1423252868772",63,1143,241,230,46,"Thu Feb 12 2015 00:45:35 GMT+0000 (UTC)","normal"
"1423252868772",25,1163,266,230,47,"Thu Feb 12 2015 00:45:58 GMT+0000 (UTC)","normal"
"1423252868772",213,1334,479,230,48,"Thu Feb 12 2015 00:48:51 GMT+0000 (UTC)","normal"
"1423252868772",233,1350,399,233,48,"Thu Feb 12 2015 00:49:10 GMT+0000 (UTC)","normal"
"1423252868772",233,1350,199,233,48,"Thu Feb 12 2015 00:49:11 GMT+0000 (UTC)","normal"
"1423252868772",147,1470,346,233,49,"Thu Feb 12 2015 00:51:33 GMT+0000 (UTC)","blacktheme"
"1423252868772",50,1509,396,233,50,"Thu Feb 12 2015 00:52:23 GMT+0000 (UTC)","blacktheme"
"1423252868772",52,1549,448,233,51,"Thu Feb 12 2015 00:53:08 GMT+0000 (UTC)","blacktheme"
"1423333719826",18,834,194,123,28,"Thu Feb 12 2015 00:55:56 GMT+0000 (UTC)","normal"
"1423333719826",111,933,305,123,29,"Thu Feb 12 2015 00:57:40 GMT+0000 (UTC)","normal"
"1423333719826",6,939,311,123,30,"Thu Feb 12 2015 00:58:38 GMT+0000 (UTC)","normal"
"1423333719826",15,951,326,123,31,"Thu Feb 12 2015 00:59:07 GMT+0000 (UTC)","normal"
"1423333719826",37,981,363,123,32,"Thu Feb 12 2015 00:59:42 GMT+0000 (UTC)","normal"
"1423333719826",174,1128,537,174,33,"Thu Feb 12 2015 01:03:12 GMT+0000 (UTC)","normal"
"1423333719826",86,1202,123,174,34,"Thu Feb 12 2015 01:06:35 GMT+0000 (UTC)","blacktheme"
"1423703243941",0,2217,20231,97,107,"Thu Feb 12 2015 01:07:35 GMT+0000 (UTC)","normal"
"1423703243941",0,2220,20231,97,108,"Thu Feb 12 2015 01:07:57 GMT+0000 (UTC)","normal"
"1423703243941",14,2236,20245,97,109,"Thu Feb 12 2015 01:08:16 GMT+0000 (UTC)","normal"
"1423252868772",28,1574,476,233,52,"Thu Feb 12 2015 01:21:19 GMT+0000 (UTC)","blacktheme"
"1423252868772",47,1611,523,233,53,"Thu Feb 12 2015 01:21:58 GMT+0000 (UTC)","blacktheme"
"1423265542728",25,1574,15236,143,82,"Thu Feb 12 2015 02:45:03 GMT+0000 (UTC)","blacktheme"
"1423265542728",131,1697,15242,143,82,"Thu Feb 12 2015 02:47:10 GMT+0000 (UTC)","blacktheme"
"1423265542728",132,1699,15043,143,82,"Thu Feb 12 2015 02:47:14 GMT+0000 (UTC)","blacktheme"
"1423265542728",141,1710,14752,143,82,"Thu Feb 12 2015 02:47:28 GMT+0000 (UTC)","blacktheme"
"1423265542728",173,1746,14384,173,82,"Thu Feb 12 2015 02:48:08 GMT+0000 (UTC)","blacktheme"
"1423719019732",0,1503,799,107,81,"Thu Feb 12 2015 05:31:23 GMT+0000 (UTC)","normal"
"1423719019732",46,1556,845,107,82,"Thu Feb 12 2015 05:32:17 GMT+0000 (UTC)","normal"
"1423719019732",99,1663,944,107,83,"Thu Feb 12 2015 05:35:12 GMT+0000 (UTC)","normal"
"1423696797788",19,1030,169,293,26,"Thu Feb 12 2015 07:47:31 GMT+0000 (UTC)","blacktheme"
"1423696797788",107,1145,276,293,27,"Thu Feb 12 2015 07:49:38 GMT+0000 (UTC)","blacktheme"
"1423696797788",152,1194,221,293,27,"Thu Feb 12 2015 07:50:33 GMT+0000 (UTC)","blacktheme"
"1423696797788",272,1323,141,293,27,"Thu Feb 12 2015 07:52:55 GMT+0000 (UTC)","blacktheme"
"1423696797788",0,1326,141,293,28,"Thu Feb 12 2015 07:53:00 GMT+0000 (UTC)","blacktheme"
"1423740064545",91,99,91,91,1,"Thu Feb 12 2015 11:23:40 GMT+0000 (UTC)","normal"
"1423740064545",61,161,152,91,2,"Thu Feb 12 2015 11:24:57 GMT+0000 (UTC)","normal"
"1423740064545",4,165,156,91,3,"Thu Feb 12 2015 11:31:50 GMT+0000 (UTC)","normal"
"1423740064545",22,185,178,91,4,"Thu Feb 12 2015 11:32:13 GMT+0000 (UTC)","normal"
"1423740064545",80,268,258,91,5,"Thu Feb 12 2015 11:33:39 GMT+0000 (UTC)","normal"
"1423740064545",80,269,158,91,5,"Thu Feb 12 2015 11:33:46 GMT+0000 (UTC)","normal"
"1423740064545",99,372,257,99,6,"Thu Feb 12 2015 11:35:35 GMT+0000 (UTC)","normal"
"1423740064545",103,376,161,103,6,"Thu Feb 12 2015 11:35:41 GMT+0000 (UTC)","normal"
"1423740064545",32,408,193,103,7,"Thu Feb 12 2015 13:14:10 GMT+0000 (UTC)","normal"
"1423740064545",1,409,194,103,8,"Thu Feb 12 2015 13:14:13 GMT+0000 (UTC)","normal"
"1423740064545",115,528,309,115,9,"Thu Feb 12 2015 13:16:15 GMT+0000 (UTC)","normal"
"1423740064545",9,537,318,115,10,"Thu Feb 12 2015 13:16:27 GMT+0000 (UTC)","normal"
"1423740064545",70,606,388,115,11,"Thu Feb 12 2015 13:17:38 GMT+0000 (UTC)","normal"
"1423740064545",2,608,390,115,12,"Thu Feb 12 2015 13:18:04 GMT+0000 (UTC)","normal"
"1423740064545",83,692,473,115,13,"Thu Feb 12 2015 13:19:31 GMT+0000 (UTC)","normal"
"1423740064545",84,693,474,115,13,"Thu Feb 12 2015 13:19:33 GMT+0000 (UTC)","normal"
"1423740064545",129,816,603,129,14,"Thu Feb 12 2015 13:21:40 GMT+0000 (UTC)","normal"
"1423740064545",194,876,568,194,14,"Thu Feb 12 2015 13:22:43 GMT+0000 (UTC)","normal"
"1423740064545",272,949,446,272,14,"Thu Feb 12 2015 13:23:59 GMT+0000 (UTC)","normal"
"1423740064545",274,951,148,274,14,"Thu Feb 12 2015 13:24:03 GMT+0000 (UTC)","normal"
"1423740064545",58,1004,206,274,15,"Thu Feb 12 2015 13:26:17 GMT+0000 (UTC)","normal"
"1423740064545",57,1054,263,274,16,"Thu Feb 12 2015 13:27:09 GMT+0000 (UTC)","normal"
"1423740064545",7,1060,270,274,17,"Thu Feb 12 2015 13:27:17 GMT+0000 (UTC)","normal"
"1423740064545",1,1061,271,274,18,"Thu Feb 12 2015 13:27:20 GMT+0000 (UTC)","normal"
"1423740064545",16,1074,287,274,19,"Thu Feb 12 2015 13:27:35 GMT+0000 (UTC)","normal"
"1423740064545",1,1075,288,274,20,"Thu Feb 12 2015 13:27:38 GMT+0000 (UTC)","normal"
"1423740064545",5,1080,293,274,21,"Thu Feb 12 2015 13:27:45 GMT+0000 (UTC)","normal"
"1423740064545",36,1112,329,274,22,"Thu Feb 12 2015 13:28:20 GMT+0000 (UTC)","normal"
"1423740064545",94,1200,423,274,23,"Thu Feb 12 2015 13:29:51 GMT+0000 (UTC)","normal"
"1423740064545",120,1223,349,274,23,"Thu Feb 12 2015 13:30:18 GMT+0000 (UTC)","normal"
"1423740064545",147,1247,176,274,23,"Thu Feb 12 2015 13:30:44 GMT+0000 (UTC)","normal"
"1423740064545",8,1255,184,274,24,"Thu Feb 12 2015 13:31:28 GMT+0000 (UTC)","normal"
"1423740064545",10,1263,194,274,25,"Thu Feb 12 2015 13:31:38 GMT+0000 (UTC)","normal"
"1423740064545",43,1300,237,274,26,"Thu Feb 12 2015 13:32:17 GMT+0000 (UTC)","normal"
"1423740064545",39,1335,276,274,27,"Thu Feb 12 2015 13:32:57 GMT+0000 (UTC)","normal"
"1423740064545",50,1345,187,274,27,"Thu Feb 12 2015 13:33:09 GMT+0000 (UTC)","normal"
"1423740064545",37,1378,224,274,28,"Thu Feb 12 2015 13:33:44 GMT+0000 (UTC)","normal"
"1423740064545",3,1380,227,274,29,"Thu Feb 12 2015 13:33:50 GMT+0000 (UTC)","normal"
"1423740064545",16,1393,243,274,30,"Thu Feb 12 2015 13:34:05 GMT+0000 (UTC)","normal"
"1423740064545",31,1420,274,274,31,"Thu Feb 12 2015 13:34:40 GMT+0000 (UTC)","normal"
"1423740064545",23,1440,297,274,32,"Thu Feb 12 2015 13:35:03 GMT+0000 (UTC)","normal"
"1423740064545",3,1442,300,274,33,"Thu Feb 12 2015 13:35:07 GMT+0000 (UTC)","normal"
"1423740064545",25,1464,325,274,34,"Thu Feb 12 2015 13:35:31 GMT+0000 (UTC)","normal"
"1423740064545",13,1476,338,274,35,"Thu Feb 12 2015 13:35:45 GMT+0000 (UTC)","normal"
"1423740064545",22,1495,360,274,36,"Thu Feb 12 2015 13:36:07 GMT+0000 (UTC)","normal"
"1423740064545",110,1596,470,274,37,"Thu Feb 12 2015 13:37:50 GMT+0000 (UTC)","normal"
"1423740064545",112,1598,372,274,37,"Thu Feb 12 2015 13:37:55 GMT+0000 (UTC)","normal"
"1423740064545",237,1711,297,274,37,"Thu Feb 12 2015 13:39:51 GMT+0000 (UTC)","normal"
"1423740064545",38,1744,335,274,38,"Thu Feb 12 2015 13:41:50 GMT+0000 (UTC)","normal"
"1423740064545",41,1748,238,274,38,"Thu Feb 12 2015 13:41:57 GMT+0000 (UTC)","normal"
"1423740064545",49,1791,287,274,39,"Thu Feb 12 2015 13:44:23 GMT+0000 (UTC)","normal"
"1423740064545",36,1822,323,274,40,"Thu Feb 12 2015 13:44:56 GMT+0000 (UTC)","normal"
"1423740064545",82,1896,405,274,41,"Thu Feb 12 2015 13:46:45 GMT+0000 (UTC)","normal"
"1423740064545",183,1986,406,274,41,"Thu Feb 12 2015 13:48:18 GMT+0000 (UTC)","normal"
"1423740064545",279,2072,302,279,41,"Thu Feb 12 2015 13:49:46 GMT+0000 (UTC)","normal"
"1423740064545",352,2137,75,352,41,"Thu Feb 12 2015 13:50:53 GMT+0000 (UTC)","normal"
"1423740064545",352,2137,75,352,41,"Thu Feb 12 2015 13:50:53 GMT+0000 (UTC)","normal"
"1423740064545",17,2152,92,352,42,"Thu Feb 12 2015 14:07:23 GMT+0000 (UTC)","normal"
"1423740064545",6,2157,98,352,43,"Thu Feb 12 2015 14:07:47 GMT+0000 (UTC)","normal"
"1423740064545",6,2157,98,352,43,"Thu Feb 12 2015 14:07:50 GMT+0000 (UTC)","normal"
"1423740064545",3,2159,101,352,44,"Thu Feb 12 2015 14:07:55 GMT+0000 (UTC)","normal"
"1423740064545",16,2172,117,352,45,"Thu Feb 12 2015 14:08:34 GMT+0000 (UTC)","normal"
"1423740064545",125,2279,242,352,46,"Thu Feb 12 2015 14:10:24 GMT+0000 (UTC)","normal"
"1423740064545",2,2281,244,352,47,"Thu Feb 12 2015 14:10:28 GMT+0000 (UTC)","normal"
"1423740064545",43,2317,287,352,48,"Thu Feb 12 2015 14:11:22 GMT+0000 (UTC)","normal"
"1423740064545",91,2397,378,352,49,"Thu Feb 12 2015 14:12:44 GMT+0000 (UTC)","normal"
"1423740064545",28,2463,406,352,50,"Thu Feb 12 2015 14:14:27 GMT+0000 (UTC)","normal"
"1423740064545",114,2564,520,352,51,"Thu Feb 12 2015 14:16:10 GMT+0000 (UTC)","normal"
"1423750768930",34,28,34,34,1,"Thu Feb 12 2015 14:20:37 GMT+0000 (UTC)","normal"
"1423265542728",20,1766,14404,173,83,"Thu Feb 12 2015 14:21:11 GMT+0000 (UTC)","blacktheme"
"1423740064545",3,2567,23,352,52,"Thu Feb 12 2015 14:21:46 GMT+0000 (UTC)","blacktheme"
"1423740064545",2,2569,25,352,53,"Thu Feb 12 2015 14:21:56 GMT+0000 (UTC)","blacktheme"
"1423719019732",182,1853,1126,182,84,"Thu Feb 12 2015 14:25:52 GMT+0000 (UTC)","normal"
"1423719019732",2,1860,1128,182,85,"Thu Feb 12 2015 14:26:14 GMT+0000 (UTC)","normal"
"1423719019732",6,1871,1134,182,86,"Thu Feb 12 2015 14:26:28 GMT+0000 (UTC)","normal"
"1423719019732",2,1875,1136,182,87,"Thu Feb 12 2015 14:26:35 GMT+0000 (UTC)","normal"
"1423719019732",6,1886,1142,182,88,"Thu Feb 12 2015 14:26:55 GMT+0000 (UTC)","normal"
"1423719019732",19,1901,1055,182,88,"Thu Feb 12 2015 14:27:20 GMT+0000 (UTC)","normal"
"1423719019732",58,1961,1113,182,89,"Thu Feb 12 2015 14:28:28 GMT+0000 (UTC)","normal"
"1423719019732",59,1963,1114,182,89,"Thu Feb 12 2015 14:28:30 GMT+0000 (UTC)","normal"
"1423265542728",94,2060,14669,173,86,"Thu Feb 12 2015 14:28:59 GMT+0000 (UTC)","blacktheme"
"1423740064545",86,2733,193,352,55,"Thu Feb 12 2015 14:29:06 GMT+0000 (UTC)","blacktheme"
"1423265542728",102,2068,14577,173,86,"Thu Feb 12 2015 14:29:11 GMT+0000 (UTC)","blacktheme"
"1423265542728",104,2070,14379,173,86,"Thu Feb 12 2015 14:29:22 GMT+0000 (UTC)","blacktheme"
"1423265542728",138,2106,14113,173,86,"Thu Feb 12 2015 14:30:00 GMT+0000 (UTC)","blacktheme"
"1423265542728",146,2115,13721,173,86,"Thu Feb 12 2015 14:30:12 GMT+0000 (UTC)","blacktheme"
"1423265542728",181,2152,13256,181,86,"Thu Feb 12 2015 14:30:53 GMT+0000 (UTC)","blacktheme"
"1423265542728",182,2154,12657,182,86,"Thu Feb 12 2015 14:30:57 GMT+0000 (UTC)","blacktheme"
"1423265542728",217,2190,11992,217,86,"Thu Feb 12 2015 14:31:36 GMT+0000 (UTC)","blacktheme"
"1423265542728",217,2191,11192,217,86,"Thu Feb 12 2015 14:31:39 GMT+0000 (UTC)","blacktheme"
"1423265542728",222,2197,10297,222,86,"Thu Feb 12 2015 14:31:48 GMT+0000 (UTC)","blacktheme"
"1423265542728",264,2240,9339,264,86,"Thu Feb 12 2015 14:32:34 GMT+0000 (UTC)","blacktheme"
"1423265542728",264,2241,8239,264,86,"Thu Feb 12 2015 14:32:39 GMT+0000 (UTC)","blacktheme"
"1423265542728",264,2241,7039,264,86,"Thu Feb 12 2015 14:32:41 GMT+0000 (UTC)","blacktheme"
"1423265542728",281,2260,5756,281,86,"Thu Feb 12 2015 14:33:02 GMT+0000 (UTC)","blacktheme"
"1423265542728",318,2300,4393,318,86,"Thu Feb 12 2015 14:33:47 GMT+0000 (UTC)","blacktheme"
"1423740064545",33,2774,226,352,56,"Thu Feb 12 2015 14:41:37 GMT+0000 (UTC)","normal"
"1423740064545",44,2819,270,352,57,"Thu Feb 12 2015 14:42:38 GMT+0000 (UTC)","normal"
"1423740064545",77,2888,347,352,58,"Thu Feb 12 2015 14:44:34 GMT+0000 (UTC)","blacktheme"
"1423740064545",25,2909,372,352,59,"Thu Feb 12 2015 14:46:47 GMT+0000 (UTC)","blacktheme"
"1423740064545",106,3005,478,352,60,"Thu Feb 12 2015 14:53:32 GMT+0000 (UTC)","blacktheme"
"1423740064545",77,3074,555,352,61,"Thu Feb 12 2015 14:54:52 GMT+0000 (UTC)","blacktheme"
"1423740064545",178,3236,733,352,62,"Thu Feb 12 2015 14:57:37 GMT+0000 (UTC)","blacktheme"
"1423252868772",24,1643,560,233,55,"Thu Feb 12 2015 15:15:10 GMT+0000 (UTC)","blacktheme"
"1423252868772",27,1664,587,233,56,"Thu Feb 12 2015 15:15:33 GMT+0000 (UTC)","blacktheme"
"1423252868772",20,1680,607,233,57,"Thu Feb 12 2015 15:15:51 GMT+0000 (UTC)","blacktheme"
"1423740064545",45,3275,778,352,63,"Thu Feb 12 2015 15:16:25 GMT+0000 (UTC)","blacktheme"
"1423252868772",30,1702,637,233,58,"Thu Feb 12 2015 15:16:45 GMT+0000 (UTC)","blacktheme"
"1423740064545",143,3402,921,352,64,"Thu Feb 12 2015 15:18:35 GMT+0000 (UTC)","blacktheme"
"1423740064545",144,3403,922,352,64,"Thu Feb 12 2015 15:18:36 GMT+0000 (UTC)","blacktheme"
"1423740064545",22,3421,944,352,65,"Thu Feb 12 2015 15:19:02 GMT+0000 (UTC)","blacktheme"
"1423740064545",44,3461,988,352,66,"Thu Feb 12 2015 15:19:51 GMT+0000 (UTC)","blacktheme"
"1423740064545",15,3473,1003,352,67,"Thu Feb 12 2015 15:20:06 GMT+0000 (UTC)","blacktheme"
"1423740064545",0,3473,1003,352,68,"Thu Feb 12 2015 15:20:07 GMT+0000 (UTC)","blacktheme"
"1423740064545",0,3473,1003,352,69,"Thu Feb 12 2015 15:20:10 GMT+0000 (UTC)","blacktheme"
"1423740064545",142,3600,1145,352,70,"Thu Feb 12 2015 15:22:20 GMT+0000 (UTC)","blacktheme"
"1423439534924",0,43,36,35,6,"Thu Feb 12 2015 18:08:01 GMT+0000 (UTC)","normal"
"1423439534924",284,318,320,284,7,"Thu Feb 12 2015 18:12:41 GMT+0000 (UTC)","normal"
"1423740064545",266,3851,1411,352,72,"Thu Feb 12 2015 21:13:15 GMT+0000 (UTC)","blacktheme"
"1423740064545",267,3852,1412,352,72,"Thu Feb 12 2015 21:13:16 GMT+0000 (UTC)","blacktheme"
"1423740064545",42,3889,1454,352,73,"Thu Feb 12 2015 21:14:09 GMT+0000 (UTC)","blacktheme"
"1423740064545",66,3947,1520,352,74,"Thu Feb 12 2015 21:15:10 GMT+0000 (UTC)","blacktheme"
"1423740064545",31,3973,1551,352,75,"Thu Feb 12 2015 21:16:29 GMT+0000 (UTC)","blacktheme"
"1423740064545",37,4004,1588,352,76,"Thu Feb 12 2015 21:17:02 GMT+0000 (UTC)","blacktheme"
"1423740064545",148,4134,1736,352,77,"Thu Feb 12 2015 21:19:30 GMT+0000 (UTC)","blacktheme"
"1423740064545",31,4160,1767,352,78,"Thu Feb 12 2015 21:24:10 GMT+0000 (UTC)","blacktheme"
"1423740064545",3,4162,1770,352,79,"Thu Feb 12 2015 21:24:15 GMT+0000 (UTC)","blacktheme"
"1423740064545",36,4193,1806,352,80,"Thu Feb 12 2015 21:24:49 GMT+0000 (UTC)","blacktheme"
"1423740064545",9,4200,1815,352,81,"Thu Feb 12 2015 21:25:25 GMT+0000 (UTC)","blacktheme"
"1423740064545",48,4240,1863,352,82,"Thu Feb 12 2015 21:26:08 GMT+0000 (UTC)","blacktheme"
"1423740064545",17,4254,1880,352,83,"Thu Feb 12 2015 21:26:26 GMT+0000 (UTC)","blacktheme"
"1423740064545",52,4299,1932,352,84,"Thu Feb 12 2015 21:27:13 GMT+0000 (UTC)","blacktheme"
"1423740064545",0,4299,1932,352,85,"Thu Feb 12 2015 21:27:15 GMT+0000 (UTC)","blacktheme"
"1423740064545",48,4341,1980,352,86,"Thu Feb 12 2015 21:28:00 GMT+0000 (UTC)","blacktheme"
"1423740064545",113,4440,2093,352,87,"Thu Feb 12 2015 21:29:44 GMT+0000 (UTC)","blacktheme"
"1423740064545",19,4455,112,352,88,"Thu Feb 12 2015 21:30:39 GMT+0000 (UTC)","timeless"
"1423740064545",35,4485,147,352,89,"Thu Feb 12 2015 21:31:17 GMT+0000 (UTC)","blacktheme"
"1423740064545",3,4487,150,352,90,"Thu Feb 12 2015 21:31:21 GMT+0000 (UTC)","blacktheme"
"1423740064545",15,4502,165,352,91,"Thu Feb 12 2015 21:31:38 GMT+0000 (UTC)","blacktheme"
"1423333719826",9,1210,132,174,35,"Thu Feb 12 2015 23:47:41 GMT+0000 (UTC)","blacktheme"
"1423333719826",70,1268,202,174,36,"Thu Feb 12 2015 23:48:45 GMT+0000 (UTC)","blacktheme"
"1423333719826",5,1272,207,174,37,"Thu Feb 12 2015 23:49:12 GMT+0000 (UTC)","normal"
"1423333719826",48,1311,255,174,38,"Thu Feb 12 2015 23:49:54 GMT+0000 (UTC)","normal"
"1423333719826",8,1318,263,174,39,"Thu Feb 12 2015 23:50:02 GMT+0000 (UTC)","normal"
"1423333719826",7,1323,270,174,40,"Thu Feb 12 2015 23:50:11 GMT+0000 (UTC)","normal"
"1423252868772",5,1706,642,233,59,"Thu Feb 12 2015 23:51:09 GMT+0000 (UTC)","normal"
"1423333719826",51,1389,351,174,42,"Thu Feb 12 2015 23:51:34 GMT+0000 (UTC)","normal"
"1423333719826",5,1393,356,174,43,"Thu Feb 12 2015 23:51:35 GMT+0000 (UTC)","normal"
"1423333719826",5,1398,363,174,45,"Thu Feb 12 2015 23:51:35 GMT+0000 (UTC)","normal"
"1423333719826",2,1394,358,174,44,"Thu Feb 12 2015 23:51:36 GMT+0000 (UTC)","normal"
"1423333719826",19,1412,382,174,46,"Thu Feb 12 2015 23:51:53 GMT+0000 (UTC)","normal"
"1423333719826",0,1412,382,174,47,"Thu Feb 12 2015 23:51:54 GMT+0000 (UTC)","normal"
"1423333719826",6,1417,388,174,48,"Thu Feb 12 2015 23:52:03 GMT+0000 (UTC)","normal"
"1423252868772",59,1752,701,233,60,"Thu Feb 12 2015 23:52:14 GMT+0000 (UTC)","normal"
"1423333719826",30,1441,418,174,49,"Thu Feb 12 2015 23:52:31 GMT+0000 (UTC)","normal"
"1423333719826",7,1447,425,174,50,"Thu Feb 12 2015 23:52:33 GMT+0000 (UTC)","normal"
"1423333719826",3,1450,428,174,51,"Thu Feb 12 2015 23:52:44 GMT+0000 (UTC)","normal"
"1423333719826",18,1464,446,174,52,"Thu Feb 12 2015 23:52:58 GMT+0000 (UTC)","normal"
"1423333719826",6,1470,452,174,53,"Thu Feb 12 2015 23:53:07 GMT+0000 (UTC)","normal"
"1423333719826",11,1478,463,174,54,"Thu Feb 12 2015 23:53:17 GMT+0000 (UTC)","normal"
"1423252868772",97,1829,798,233,61,"Thu Feb 12 2015 23:53:23 GMT+0000 (UTC)","normal"
"1423252868772",78,1890,876,233,62,"Thu Feb 12 2015 23:54:30 GMT+0000 (UTC)","normal"
"1423252868772",8,1896,884,233,63,"Thu Feb 12 2015 23:54:31 GMT+0000 (UTC)","normal"
"1423333719826",33,1586,589,174,59,"Fri Feb 13 2015 00:17:43 GMT+0000 (UTC)","blacktheme"
"1423333719826",2,1588,591,174,60,"Fri Feb 13 2015 00:17:44 GMT+0000 (UTC)","blacktheme"
"1423333719826",2,1698,714,174,62,"Fri Feb 13 2015 00:49:32 GMT+0000 (UTC)","normal"
"1423333719826",62,1753,776,174,63,"Fri Feb 13 2015 00:50:30 GMT+0000 (UTC)","normal"
"1423333719826",6,1758,782,174,64,"Fri Feb 13 2015 00:50:42 GMT+0000 (UTC)","normal"
"1423333719826",19,1773,801,174,65,"Fri Feb 13 2015 00:58:44 GMT+0000 (UTC)","normal"
"1423333719826",94,1853,895,174,66,"Fri Feb 13 2015 01:01:23 GMT+0000 (UTC)","blacktheme"
"1423333719826",32,1878,927,174,67,"Fri Feb 13 2015 01:01:52 GMT+0000 (UTC)","blacktheme"
"1423333719826",151,2001,1078,174,68,"Fri Feb 13 2015 01:03:58 GMT+0000 (UTC)","blacktheme"
"1423333719826",162,2010,989,174,68,"Fri Feb 13 2015 01:04:12 GMT+0000 (UTC)","blacktheme"
"1423333719826",207,2048,834,207,68,"Fri Feb 13 2015 01:04:54 GMT+0000 (UTC)","blacktheme"
"1423333719826",272,2106,599,272,68,"Fri Feb 13 2015 01:05:57 GMT+0000 (UTC)","blacktheme"
"1423333719826",345,2169,272,345,68,"Fri Feb 13 2015 01:07:01 GMT+0000 (UTC)","blacktheme"
"1423740064545",251,4731,416,352,92,"Fri Feb 13 2015 01:22:11 GMT+0000 (UTC)","blacktheme"
"1423740064545",339,4811,404,352,92,"Fri Feb 13 2015 01:23:40 GMT+0000 (UTC)","blacktheme"
"1423740064545",378,4847,243,378,92,"Fri Feb 13 2015 01:24:17 GMT+0000 (UTC)","blacktheme"
"1423622559471",91,4060,96,172,95,"Fri Feb 13 2015 02:47:48 GMT+0000 (UTC)","timeless"
"1423252868772",0,1899,884,233,64,"Fri Feb 13 2015 10:28:58 GMT+0000 (UTC)","normal"
"1423740064545",1,4848,244,378,93,"Fri Feb 13 2015 15:13:27 GMT+0000 (UTC)","normal"
"1423740064545",35,4884,279,378,94,"Fri Feb 13 2015 15:14:05 GMT+0000 (UTC)","normal"
"1423333719826",26,2208,298,345,69,"Fri Feb 13 2015 15:40:44 GMT+0000 (UTC)","normal"
"1423333719826",112,2303,410,345,70,"Fri Feb 13 2015 15:42:36 GMT+0000 (UTC)","normal"
"1423333719826",132,2346,330,345,70,"Fri Feb 13 2015 15:43:06 GMT+0000 (UTC)","normal"
"1423333719826",64,2401,394,345,71,"Fri Feb 13 2015 15:44:33 GMT+0000 (UTC)","normal"
"1423333719826",88,2475,482,345,72,"Fri Feb 13 2015 15:57:49 GMT+0000 (UTC)","blacktheme"
"1423719019732",62,2026,1176,182,90,"Fri Feb 13 2015 17:44:47 GMT+0000 (UTC)","normal"
"1423719019732",4,2030,1180,182,91,"Fri Feb 13 2015 17:44:58 GMT+0000 (UTC)","normal"
"1423719019732",0,2030,1180,182,92,"Fri Feb 13 2015 17:44:59 GMT+0000 (UTC)","normal"
"1423719019732",34,2064,1214,182,93,"Fri Feb 13 2015 17:45:51 GMT+0000 (UTC)","normal"
"1423719019732",34,2066,1214,182,93,"Fri Feb 13 2015 17:45:54 GMT+0000 (UTC)","normal"
"1423719019732",42,2110,1256,182,94,"Fri Feb 13 2015 17:46:42 GMT+0000 (UTC)","normal"
"1423719019732",48,2158,1304,182,95,"Fri Feb 13 2015 17:47:35 GMT+0000 (UTC)","normal"
"1423719019732",59,2220,1363,182,96,"Fri Feb 13 2015 17:48:38 GMT+0000 (UTC)","normal"
"1423719019732",53,2278,1416,182,97,"Fri Feb 13 2015 17:50:03 GMT+0000 (UTC)","normal"
"1423719019732",282,2571,1698,282,98,"Fri Feb 13 2015 17:55:02 GMT+0000 (UTC)","normal"
"1423719019732",482,2772,1798,482,98,"Fri Feb 13 2015 17:58:26 GMT+0000 (UTC)","normal"
"1423333719826",24,2921,303,345,76,"Fri Feb 13 2015 19:08:59 GMT+0000 (UTC)","blacktheme"
"1423333719826",34,2949,337,345,77,"Fri Feb 13 2015 19:09:28 GMT+0000 (UTC)","blacktheme"
"1423719019732",12,2783,1810,482,99,"Fri Feb 13 2015 21:01:25 GMT+0000 (UTC)","normal"
"1423719019732",29,2809,1839,482,100,"Fri Feb 13 2015 21:01:53 GMT+0000 (UTC)","normal"
"1423719019732",64,2872,1903,482,101,"Fri Feb 13 2015 21:03:11 GMT+0000 (UTC)","normal"
"1423719019732",70,2937,1973,482,102,"Fri Feb 13 2015 21:04:21 GMT+0000 (UTC)","normal"
"1423719019732",79,3019,2052,482,103,"Fri Feb 13 2015 21:05:46 GMT+0000 (UTC)","normal"
"1423719019732",203,3221,255,482,104,"Fri Feb 13 2015 21:09:35 GMT+0000 (UTC)","timeless"
"1423740064545",58,4944,337,378,95,"Fri Feb 13 2015 22:23:42 GMT+0000 (UTC)","timeless"
"1423719019732",8,3229,263,482,105,"Sat Feb 14 2015 03:11:45 GMT+0000 (UTC)","normal"
"1423719019732",26,3256,289,482,106,"Sat Feb 14 2015 03:12:29 GMT+0000 (UTC)","normal"
"1423719019732",42,3297,331,482,107,"Sat Feb 14 2015 03:13:19 GMT+0000 (UTC)","normal"
"1423719019732",0,3300,331,482,108,"Sat Feb 14 2015 03:13:50 GMT+0000 (UTC)","normal"
"1423719019732",54,3357,385,482,109,"Sat Feb 14 2015 03:15:04 GMT+0000 (UTC)","normal"
"1423719019732",30,3387,415,482,110,"Sat Feb 14 2015 03:16:34 GMT+0000 (UTC)","normal"
"1423719019732",4,3393,419,482,111,"Sat Feb 14 2015 03:17:01 GMT+0000 (UTC)","normal"
"1423252868772",119,1999,1003,233,65,"Sat Feb 14 2015 06:08:21 GMT+0000 (UTC)","normal"
"1423252868772",340,2183,1124,340,65,"Sat Feb 14 2015 06:11:28 GMT+0000 (UTC)","normal"
"1423719019732",10,3524,429,482,112,"Sat Feb 14 2015 20:31:24 GMT+0000 (UTC)","timeless"
"1423252868772",59,2595,1409,328.0,72,"Thu Feb 19 2015 20:44:10 GMT+0000 (UTC)","normal"
"1423252868772",21,2611,1430,328.0,73,"Thu Feb 19 2015 20:44:10 GMT+0000 (UTC)","normal"
"1423252868772",159,2739,1589,328.0,74,"Thu Feb 19 2015 20:46:31 GMT+0000 (UTC)","normal"
"1423331323307",71,653,487,141,22,"Fri Feb 20 2015 01:02:12 GMT+0000 (UTC)","normal"
"1423331323307",94,673,410,141,22,"Fri Feb 20 2015 01:02:33 GMT+0000 (UTC)","normal"
"1423331323307",103,681,219,141,22,"Fri Feb 20 2015 01:02:44 GMT+0000 (UTC)","normal"
"1423331323307",104,682,220,141,22,"Fri Feb 20 2015 01:02:46 GMT+0000 (UTC)","normal"
"1423331323307",44,723,264,141,23,"Fri Feb 20 2015 01:03:31 GMT+0000 (UTC)","normal"
"1423252868772",15,2760,1607,328.0,76,"Sun Feb 22 2015 18:48:56 GMT+0000 (UTC)","normal"
"1423252868772",59,2817,1666,328.0,77,"Mon Feb 23 2015 00:54:06 GMT+0000 (UTC)","normal"
"1423622559471",118,4310,219,172,97,"Mon Feb 23 2015 06:05:18 GMT+0000 (UTC)","blacktheme"
"1424132020443",152,181,179,152,2,"Mon Feb 23 2015 12:42:29 GMT+0000 (UTC)","normal"
"1424132020443",153,181,180,153,2,"Mon Feb 23 2015 12:42:29 GMT+0000 (UTC)","normal"
"1423260905371",44,780,698,159,19,"Thu Feb 26 2015 12:15:11 GMT+0000 (UTC)","normal"
"1424132020443",3,184,183,153,3,"Sun Mar 01 2015 16:36:45 GMT+0000 (UTC)","normal"
"1424132020443",14,196,197,153,4,"Sun Mar 01 2015 16:36:57 GMT+0000 (UTC)","normal"
"1424132020443",85,271,282,153,5,"Sun Mar 01 2015 16:38:16 GMT+0000 (UTC)","normal"
"1424132020443",86,359,368,153,6,"Sun Mar 01 2015 16:39:55 GMT+0000 (UTC)","normal"
"1425303958949",0,3,0,0,1,"Mon Mar 02 2015 13:52:25 GMT+0000 (UTC)","normal"
"1425303958949",0,6,0,0,2,"Mon Mar 02 2015 13:52:28 GMT+0000 (UTC)","normal"
"1425303958949",0,9,0,0,3,"Mon Mar 02 2015 13:52:33 GMT+0000 (UTC)","normal"
"1425073052884",7,326,52,192,6,"Mon Mar 02 2015 14:32:14 GMT+0000 (UTC)","normal"
"1423266463779",0,103,67,35,6,"Mon Mar 02 2015 16:51:02 GMT+0000 (UTC)","normal"
"1423266463779",48,174,115,48,7,"Mon Mar 02 2015 16:52:42 GMT+0000 (UTC)","normal"
"1425315421807",0,3,0,0,1,"Mon Mar 02 2015 16:57:37 GMT+0000 (UTC)","normal"
"1425315421807",0,6,0,0,2,"Mon Mar 02 2015 16:57:37 GMT+0000 (UTC)","normal"
"1425315421807",0,7,0,0,3,"Mon Mar 02 2015 16:57:38 GMT+0000 (UTC)","normal"
"1425315421807",31,46,31,31,4,"Mon Mar 02 2015 16:58:19 GMT+0000 (UTC)","normal"
"1423266463779",1,178,116,48,8,"Mon Mar 02 2015 16:59:29 GMT+0000 (UTC)","normal"
"1423266463779",0,181,116,48,9,"Mon Mar 02 2015 16:59:32 GMT+0000 (UTC)","normal"
"1423266463779",4,192,120,48,10,"Mon Mar 02 2015 16:59:50 GMT+0000 (UTC)","normal"
"1423265542728",0,2509,4557,318,99,"Mon Mar 02 2015 17:02:56 GMT+0000 (UTC)","blacktheme"
"1423265542728",11,2523,4568,318,100,"Mon Mar 02 2015 17:03:12 GMT+0000 (UTC)","blacktheme"
"1423265542728",77,2615,4645,318,101,"Mon Mar 02 2015 17:04:46 GMT+0000 (UTC)","blacktheme"
"1423266463779",4,204,124,48,11,"Mon Mar 02 2015 17:09:37 GMT+0000 (UTC)","normal"
"1425316248364",0,1,0,0,1,"Mon Mar 02 2015 17:11:13 GMT+0000 (UTC)","normal"
"1425316248364",0,2,0,0,2,"Mon Mar 02 2015 17:11:13 GMT+0000 (UTC)","normal"
"1425316248364",17,21,17,17,3,"Mon Mar 02 2015 17:11:23 GMT+0000 (UTC)","normal"
"1425316248364",58,83,75,58,4,"Mon Mar 02 2015 17:12:36 GMT+0000 (UTC)","normal"
"1425073052884",0,327,52,192,7,"Mon Mar 02 2015 17:21:13 GMT+0000 (UTC)","normal"
"1425315421807",31,84,62,31,5,"Mon Mar 02 2015 17:26:33 GMT+0000 (UTC)","normal"
"1425322104704",0,6,0,0,1,"Mon Mar 02 2015 18:48:37 GMT+0000 (UTC)","normal"
"1425322104704",1,8,1,1,2,"Mon Mar 02 2015 18:48:42 GMT+0000 (UTC)","normal"
"1425322104704",1,10,2,1,3,"Mon Mar 02 2015 18:48:46 GMT+0000 (UTC)","normal"
"1425322104704",0,13,2,1,4,"Mon Mar 02 2015 18:48:50 GMT+0000 (UTC)","normal"
"1425322104704",2,16,4,2,5,"Mon Mar 02 2015 18:48:56 GMT+0000 (UTC)","normal"
"1425322104704",21,40,25,21,6,"Mon Mar 02 2015 18:49:22 GMT+0000 (UTC)","normal"
"1425322104704",81,131,106,81,7,"Mon Mar 02 2015 18:50:57 GMT+0000 (UTC)","normal"
"1425322104704",111,163,36,111,7,"Mon Mar 02 2015 18:51:32 GMT+0000 (UTC)","normal"
"1425315421807",36,148,110,36,7,"Mon Mar 02 2015 19:39:53 GMT+0000 (UTC)","normal"
"1425315421807",0,149,110,36,8,"Mon Mar 02 2015 19:39:55 GMT+0000 (UTC)","normal"
"1425315421807",30,197,140,36,9,"Mon Mar 02 2015 19:40:49 GMT+0000 (UTC)","normal"
"1425315421807",36,241,176,36,10,"Mon Mar 02 2015 19:41:35 GMT+0000 (UTC)","normal"
"1425315421807",94,347,270,94,11,"Mon Mar 02 2015 19:43:45 GMT+0000 (UTC)","normal"
"1425328661717",3,8,3,3,1,"Mon Mar 02 2015 20:38:20 GMT+0000 (UTC)","normal"
"1425328661717",5,13,8,5,2,"Mon Mar 02 2015 20:38:20 GMT+0000 (UTC)","normal"
"1425328661717",2,15,10,5,3,"Mon Mar 02 2015 20:38:24 GMT+0000 (UTC)","normal"
"1425328661717",30,48,40,30,4,"Mon Mar 02 2015 20:38:53 GMT+0000 (UTC)","normal"
"1425328661717",6,54,46,30,5,"Mon Mar 02 2015 20:39:56 GMT+0000 (UTC)","normal"
"1425328661717",37,93,83,37,6,"Mon Mar 02 2015 20:40:33 GMT+0000 (UTC)","normal"
"1425330872363",0,3,0,0,1,"Mon Mar 02 2015 21:14:25 GMT+0000 (UTC)","normal"
"1425330872363",31,36,31,31,2,"Mon Mar 02 2015 21:15:01 GMT+0000 (UTC)","normal"
"1423266463779",0,205,124,48,12,"Mon Mar 02 2015 21:21:45 GMT+0000 (UTC)","normal"
"1423266463779",0,206,124,48,13,"Mon Mar 02 2015 21:21:47 GMT+0000 (UTC)","normal"
"1423266463779",0,207,124,48,14,"Mon Mar 02 2015 21:21:49 GMT+0000 (UTC)","normal"
"1423266463779",21,236,145,48,15,"Mon Mar 02 2015 21:22:20 GMT+0000 (UTC)","normal"
"1425330872363",15,53,46,31,3,"Mon Mar 02 2015 21:35:29 GMT+0000 (UTC)","normal"
"1425330872363",0,54,46,31,4,"Mon Mar 02 2015 21:36:02 GMT+0000 (UTC)","normal"
"1425330872363",123,184,169,123,5,"Mon Mar 02 2015 21:38:40 GMT+0000 (UTC)","normal"
"1425328661717",30,184,166,50,9,"Mon Mar 02 2015 23:47:59 GMT+0000 (UTC)","normal"
"1425328661717",3,186,169,50,10,"Mon Mar 02 2015 23:48:01 GMT+0000 (UTC)","normal"
"1425328661717",11,195,180,50,11,"Mon Mar 02 2015 23:48:13 GMT+0000 (UTC)","normal"
"1425328661717",59,247,239,59,12,"Mon Mar 02 2015 23:49:11 GMT+0000 (UTC)","normal"
"1425328661717",0,248,239,59,13,"Mon Mar 02 2015 23:49:12 GMT+0000 (UTC)","normal"
"1425328661717",0,248,239,59,14,"Mon Mar 02 2015 23:49:15 GMT+0000 (UTC)","normal"
"1425328661717",2,250,241,59,15,"Mon Mar 02 2015 23:49:19 GMT+0000 (UTC)","normal"
"1425328661717",1,251,242,59,16,"Mon Mar 02 2015 23:49:40 GMT+0000 (UTC)","normal"
"1425338488133",82,210,200,82,3,"Tue Mar 03 2015 02:26:17 GMT+0000 (UTC)","normal"
"1425338488133",82,211,100,82,3,"Tue Mar 03 2015 02:26:23 GMT+0000 (UTC)","normal"
"1425350060844",0,10,0,0,1,"Tue Mar 03 2015 02:35:09 GMT+0000 (UTC)","normal"
"1425350060844",2,13,2,2,2,"Tue Mar 03 2015 02:35:14 GMT+0000 (UTC)","normal"
"1425350060844",0,13,2,2,3,"Tue Mar 03 2015 02:35:18 GMT+0000 (UTC)","normal"
"1425350060844",1,15,3,2,4,"Tue Mar 03 2015 02:35:22 GMT+0000 (UTC)","normal"
"1425350060844",1,17,4,2,5,"Tue Mar 03 2015 02:35:29 GMT+0000 (UTC)","normal"
"1425350924496",0,1,0,0,1,"Tue Mar 03 2015 02:48:58 GMT+0000 (UTC)","normal"
"1425350924496",0,1,0,0,2,"Tue Mar 03 2015 02:48:59 GMT+0000 (UTC)","normal"
"1425350924496",0,2,0,0,3,"Tue Mar 03 2015 02:49:30 GMT+0000 (UTC)","normal"
"1425350924496",0,3,0,0,4,"Tue Mar 03 2015 02:49:34 GMT+0000 (UTC)","normal"
"1425350924496",12,16,12,12,5,"Tue Mar 03 2015 02:51:28 GMT+0000 (UTC)","normal"
"1425350924496",6,22,18,12,6,"Tue Mar 03 2015 02:54:57 GMT+0000 (UTC)","normal"
"1425350924496",10,31,28,12,7,"Tue Mar 03 2015 02:55:08 GMT+0000 (UTC)","normal"
"1425350924496",10,41,38,12,8,"Tue Mar 03 2015 02:55:22 GMT+0000 (UTC)","normal"
"1425350924496",4,45,42,12,9,"Tue Mar 03 2015 02:55:31 GMT+0000 (UTC)","normal"
"1425350924496",1,46,43,12,10,"Tue Mar 03 2015 02:55:34 GMT+0000 (UTC)","normal"
"1425350924496",9,55,52,12,11,"Tue Mar 03 2015 02:55:45 GMT+0000 (UTC)","normal"
"1425350924496",5,60,57,12,12,"Tue Mar 03 2015 02:56:41 GMT+0000 (UTC)","normal"
"1425350924496",5,64,62,12,13,"Tue Mar 03 2015 02:56:48 GMT+0000 (UTC)","normal"
"1425350924496",6,69,68,12,14,"Tue Mar 03 2015 02:57:04 GMT+0000 (UTC)","normal"
"1425350924496",0,69,68,12,15,"Tue Mar 03 2015 02:57:06 GMT+0000 (UTC)","normal"
"1425350924496",4,72,72,12,16,"Tue Mar 03 2015 02:57:12 GMT+0000 (UTC)","normal"
"1425350924496",25,100,97,25,17,"Tue Mar 03 2015 02:57:42 GMT+0000 (UTC)","normal"
"1425350924496",0,139,132,35,18,"Tue Mar 03 2015 02:58:52 GMT+0000 (UTC)","normal"
"1425350924496",0,142,132,35,19,"Tue Mar 03 2015 02:59:01 GMT+0000 (UTC)","normal"
"1425350924496",0,145,132,35,20,"Tue Mar 03 2015 02:59:06 GMT+0000 (UTC)","normal"
"1425350924496",0,148,132,35,21,"Tue Mar 03 2015 03:05:02 GMT+0000 (UTC)","normal"
"1425350924496",6,154,138,35,22,"Tue Mar 03 2015 03:05:13 GMT+0000 (UTC)","normal"
"1425350924496",2,156,140,35,23,"Tue Mar 03 2015 03:05:16 GMT+0000 (UTC)","normal"
"1425350924496",6,161,146,35,24,"Tue Mar 03 2015 03:05:24 GMT+0000 (UTC)","normal"
"1425350924496",5,166,151,35,25,"Tue Mar 03 2015 03:05:32 GMT+0000 (UTC)","normal"
"1425350924496",10,176,161,35,26,"Tue Mar 03 2015 03:05:46 GMT+0000 (UTC)","normal"
"1425350924496",1,177,162,35,27,"Tue Mar 03 2015 03:05:49 GMT+0000 (UTC)","normal"
"1425350924496",5,182,167,35,28,"Tue Mar 03 2015 03:05:56 GMT+0000 (UTC)","normal"
"1425350924496",16,197,183,35,29,"Tue Mar 03 2015 03:06:13 GMT+0000 (UTC)","normal"
"1425350924496",7,203,190,35,30,"Tue Mar 03 2015 03:06:22 GMT+0000 (UTC)","normal"
"1425350924496",4,206,194,35,31,"Tue Mar 03 2015 03:06:28 GMT+0000 (UTC)","normal"
"1425350924496",7,212,201,35,32,"Tue Mar 03 2015 03:06:36 GMT+0000 (UTC)","normal"
"1425350924496",82,298,283,82,33,"Tue Mar 03 2015 03:08:06 GMT+0000 (UTC)","normal"
"1425350924496",0,301,283,82,34,"Tue Mar 03 2015 03:08:11 GMT+0000 (UTC)","normal"
"1425350924496",1,302,284,82,35,"Tue Mar 03 2015 03:10:26 GMT+0000 (UTC)","normal"
"1425350924496",2,304,286,82,36,"Tue Mar 03 2015 03:11:42 GMT+0000 (UTC)","normal"
"1425350924496",13,321,299,82,37,"Tue Mar 03 2015 03:12:01 GMT+0000 (UTC)","normal"
"1425350924496",13,335,312,82,38,"Tue Mar 03 2015 03:12:18 GMT+0000 (UTC)","normal"
"1425350924496",21,354,333,82,39,"Tue Mar 03 2015 03:12:43 GMT+0000 (UTC)","normal"
"1425350924496",1,357,334,82,40,"Tue Mar 03 2015 03:12:48 GMT+0000 (UTC)","normal"
"1425350924496",6,362,340,82,41,"Tue Mar 03 2015 03:12:56 GMT+0000 (UTC)","normal"
"1425350924496",5,366,345,82,42,"Tue Mar 03 2015 03:13:03 GMT+0000 (UTC)","normal"
"1425350924496",3,368,348,82,43,"Tue Mar 03 2015 03:13:08 GMT+0000 (UTC)","normal"
"1425350924496",1,369,349,82,44,"Tue Mar 03 2015 03:13:11 GMT+0000 (UTC)","normal"
"1425350924496",24,391,373,82,45,"Tue Mar 03 2015 03:13:35 GMT+0000 (UTC)","normal"
"1425350924496",22,415,395,82,46,"Tue Mar 03 2015 03:14:04 GMT+0000 (UTC)","normal"
"1425350924496",4,420,399,82,47,"Tue Mar 03 2015 03:14:21 GMT+0000 (UTC)","normal"
"1425350924496",9,429,408,82,48,"Tue Mar 03 2015 03:14:33 GMT+0000 (UTC)","normal"
"1425350924496",1,430,409,82,49,"Tue Mar 03 2015 03:14:36 GMT+0000 (UTC)","normal"
"1425350924496",0,430,409,82,50,"Tue Mar 03 2015 03:14:38 GMT+0000 (UTC)","normal"
"1425350924496",1,431,410,82,51,"Tue Mar 03 2015 03:14:51 GMT+0000 (UTC)","normal"
"1425350924496",6,436,416,82,52,"Tue Mar 03 2015 03:14:58 GMT+0000 (UTC)","normal"
"1425350924496",15,449,431,82,53,"Tue Mar 03 2015 03:15:14 GMT+0000 (UTC)","normal"
"1425350924496",4,456,435,82,54,"Tue Mar 03 2015 03:15:23 GMT+0000 (UTC)","normal"
"1425350924496",15,469,450,82,55,"Tue Mar 03 2015 03:15:40 GMT+0000 (UTC)","normal"
"1425350924496",1,473,451,82,56,"Tue Mar 03 2015 04:22:33 GMT+0000 (UTC)","normal"
"1425350924496",4,477,455,82,57,"Tue Mar 03 2015 04:22:50 GMT+0000 (UTC)","normal"
"1425350924496",21,496,476,82,58,"Tue Mar 03 2015 04:23:13 GMT+0000 (UTC)","normal"
"1425350924496",2,498,478,82,59,"Tue Mar 03 2015 04:23:17 GMT+0000 (UTC)","normal"
"1425350924496",22,520,500,82,60,"Tue Mar 03 2015 04:23:41 GMT+0000 (UTC)","normal"
"1425357609459",0,3,0,0,1,"Tue Mar 03 2015 04:40:18 GMT+0000 (UTC)","normal"
"1425357609459",0,3,0,0,2,"Tue Mar 03 2015 04:40:20 GMT+0000 (UTC)","normal"
"1425357609459",103,115,103,103,3,"Tue Mar 03 2015 04:42:16 GMT+0000 (UTC)","normal"
"1423264530872",0,286,246,45,23,"Tue Mar 03 2015 10:39:35 GMT+0000 (UTC)","normal"
"1423264530872",4,293,250,45,24,"Tue Mar 03 2015 10:39:43 GMT+0000 (UTC)","normal"
"1423264530872",1,294,251,45,25,"Tue Mar 03 2015 10:39:58 GMT+0000 (UTC)","normal"
"1423264530872",3,298,254,45,26,"Tue Mar 03 2015 10:40:05 GMT+0000 (UTC)","normal"
"1423264530872",25,324,279,45,27,"Tue Mar 03 2015 10:40:33 GMT+0000 (UTC)","normal"
"1423264530872",0,325,279,45,28,"Tue Mar 03 2015 10:44:45 GMT+0000 (UTC)","normal"
"1423264530872",46,373,325,46,29,"Tue Mar 03 2015 10:45:35 GMT+0000 (UTC)","normal"
"1423264530872",8,382,333,46,30,"Tue Mar 03 2015 10:45:51 GMT+0000 (UTC)","normal"
"1423264530872",38,436,371,46,31,"Tue Mar 03 2015 11:12:58 GMT+0000 (UTC)","normal"
"1423264530872",5,450,376,46,32,"Tue Mar 03 2015 11:13:19 GMT+0000 (UTC)","normal"
"1423264530872",10,463,386,46,33,"Tue Mar 03 2015 11:13:35 GMT+0000 (UTC)","normal"
"1423264530872",1,464,387,46,34,"Tue Mar 03 2015 11:13:38 GMT+0000 (UTC)","normal"
"1423264530872",1,464,387,46,34,"Tue Mar 03 2015 11:13:42 GMT+0000 (UTC)","normal"
"1423264530872",10,478,397,46,35,"Tue Mar 03 2015 11:13:58 GMT+0000 (UTC)","normal"
"1423264530872",27,494,314,46,35,"Tue Mar 03 2015 11:14:22 GMT+0000 (UTC)","normal"
"1423264530872",31,526,345,46,36,"Tue Mar 03 2015 11:15:22 GMT+0000 (UTC)","normal"
"1425316248364",44,126,119,58,5,"Tue Mar 03 2015 17:15:01 GMT+0000 (UTC)","normal"
"1425316248364",5,134,124,58,6,"Tue Mar 03 2015 17:15:16 GMT+0000 (UTC)","normal"
"1425316248364",52,186,176,58,7,"Tue Mar 03 2015 17:16:10 GMT+0000 (UTC)","normal"
"1425421142661",1,8,1,1,1,"Tue Mar 03 2015 22:19:24 GMT+0000 (UTC)","normal"
"1425421142661",3,12,4,3,2,"Tue Mar 03 2015 22:19:31 GMT+0000 (UTC)","normal"
"1425421142661",1,13,5,3,3,"Tue Mar 03 2015 22:19:34 GMT+0000 (UTC)","normal"
"1425421142661",0,13,5,3,4,"Tue Mar 03 2015 22:19:37 GMT+0000 (UTC)","normal"
"1425421142661",3,17,8,3,5,"Tue Mar 03 2015 22:19:44 GMT+0000 (UTC)","normal"
"1425421142661",3,21,11,3,6,"Tue Mar 03 2015 22:19:50 GMT+0000 (UTC)","normal"
"1425421142661",2,26,13,3,7,"Tue Mar 03 2015 22:20:30 GMT+0000 (UTC)","normal"
"1425421142661",2,29,15,3,8,"Tue Mar 03 2015 22:20:36 GMT+0000 (UTC)","normal"
"1425421142661",30,70,45,30,9,"Tue Mar 03 2015 22:21:19 GMT+0000 (UTC)","normal"
"1425422431017",0,3,0,0,1,"Tue Mar 03 2015 22:40:44 GMT+0000 (UTC)","normal"
"1425422431017",0,3,0,0,2,"Tue Mar 03 2015 22:40:47 GMT+0000 (UTC)","normal"
"1425422431017",1,5,1,1,3,"Tue Mar 03 2015 22:40:52 GMT+0000 (UTC)","normal"
"1425422431017",0,8,1,1,4,"Tue Mar 03 2015 22:40:56 GMT+0000 (UTC)","normal"
"1425422431017",0,8,1,1,5,"Tue Mar 03 2015 22:40:59 GMT+0000 (UTC)","normal"
"1425422431017",4,13,5,4,6,"Tue Mar 03 2015 22:41:06 GMT+0000 (UTC)","normal"
"1425422431017",27,49,32,27,7,"Tue Mar 03 2015 22:41:45 GMT+0000 (UTC)","normal"
"1425422431017",27,49,32,27,7,"Tue Mar 03 2015 22:41:47 GMT+0000 (UTC)","normal"
"1425434928936",0,2,0,0,1,"Wed Mar 04 2015 02:08:56 GMT+0000 (UTC)","normal"
"1425434928936",1,5,1,1,1,"Wed Mar 04 2015 02:09:00 GMT+0000 (UTC)","normal"
"1425434928936",0,6,1,1,2,"Wed Mar 04 2015 02:09:04 GMT+0000 (UTC)","normal"
"1425434928936",0,6,1,1,3,"Wed Mar 04 2015 02:09:07 GMT+0000 (UTC)","normal"
"1425434928936",0,6,1,1,4,"Wed Mar 04 2015 02:09:09 GMT+0000 (UTC)","normal"
"1425434928936",0,9,1,1,5,"Wed Mar 04 2015 02:09:14 GMT+0000 (UTC)","normal"
"1425434928936",0,9,1,1,6,"Wed Mar 04 2015 02:09:35 GMT+0000 (UTC)","normal"
"1425434928936",22,31,23,22,7,"Wed Mar 04 2015 02:10:00 GMT+0000 (UTC)","normal"
"1425434928936",1,32,24,22,8,"Wed Mar 04 2015 02:10:03 GMT+0000 (UTC)","normal"
"1425434928936",5,36,29,22,9,"Wed Mar 04 2015 02:10:09 GMT+0000 (UTC)","normal"
"1425434928936",31,68,60,31,10,"Wed Mar 04 2015 02:10:50 GMT+0000 (UTC)","normal"
"1425434928936",92,159,152,92,11,"Wed Mar 04 2015 02:12:25 GMT+0000 (UTC)","normal"
"1425434928936",112,178,72,112,11,"Wed Mar 04 2015 02:12:48 GMT+0000 (UTC)","normal"
"1425438550037",18,38,18,18,1,"Wed Mar 04 2015 03:10:47 GMT+0000 (UTC)","normal"
"1425438550037",2,41,20,18,2,"Wed Mar 04 2015 03:11:24 GMT+0000 (UTC)","normal"
"1425438550037",57,125,77,57,3,"Wed Mar 04 2015 03:13:55 GMT+0000 (UTC)","normal"
"1425438550037",68,229,145,68,4,"Wed Mar 04 2015 03:15:47 GMT+0000 (UTC)","normal"
"1425438550037",76,240,53,76,4,"Wed Mar 04 2015 03:16:00 GMT+0000 (UTC)","normal"
"1425350924496",61,580,561,82,61,"Wed Mar 04 2015 04:09:08 GMT+0000 (UTC)","normal"
"1423265542728",22,2637,4667,318,102,"Wed Mar 04 2015 14:24:13 GMT+0000 (UTC)","blacktheme"
"1423265542728",2,2639,4669,318,103,"Wed Mar 04 2015 14:24:14 GMT+0000 (UTC)","blacktheme"
"1423265542728",14,2657,4683,318,104,"Wed Mar 04 2015 14:24:36 GMT+0000 (UTC)","blacktheme"
"1423696083091",9,210,96,41,20,"Wed Mar 04 2015 22:19:00 GMT+0000 (UTC)","normal"
"1423696083091",64,272,160,64,21,"Wed Mar 04 2015 22:19:42 GMT+0000 (UTC)","normal"
"1423696083091",36,308,196,64,22,"Wed Mar 04 2015 22:20:35 GMT+0000 (UTC)","normal"
"1423696083091",45,318,105,64,22,"Wed Mar 04 2015 22:20:47 GMT+0000 (UTC)","normal"
"1423696083091",61,378,166,64,23,"Wed Mar 04 2015 22:21:52 GMT+0000 (UTC)","normal"
"1423696083091",84,401,89,84,23,"Wed Mar 04 2015 22:22:27 GMT+0000 (UTC)","normal"
"1423696083091",6,409,95,84,24,"Wed Mar 04 2015 22:23:06 GMT+0000 (UTC)","normal"
"1423696083091",41,448,136,84,25,"Wed Mar 04 2015 22:23:51 GMT+0000 (UTC)","normal"
"1425350924496",3,583,564,82,62,"Thu Mar 05 2015 01:39:45 GMT+0000 (UTC)","normal"
"1425350924496",35,618,599,82,63,"Thu Mar 05 2015 01:40:22 GMT+0000 (UTC)","normal"
"1425350924496",11,629,610,82,64,"Thu Mar 05 2015 01:40:35 GMT+0000 (UTC)","normal"
"1425350924496",3,632,613,82,65,"Thu Mar 05 2015 01:40:40 GMT+0000 (UTC)","normal"
"1425350924496",1,633,614,82,66,"Thu Mar 05 2015 01:40:42 GMT+0000 (UTC)","normal"
"1425350924496",2,635,616,82,67,"Thu Mar 05 2015 01:40:47 GMT+0000 (UTC)","normal"
"1425350924496",40,676,656,82,68,"Thu Mar 05 2015 01:41:29 GMT+0000 (UTC)","normal"
"1425350924496",17,693,673,82,69,"Thu Mar 05 2015 01:41:48 GMT+0000 (UTC)","normal"
"1425350924496",44,735,717,82,70,"Thu Mar 05 2015 01:42:32 GMT+0000 (UTC)","normal"
"1425350924496",43,777,760,82,71,"Thu Mar 05 2015 01:43:36 GMT+0000 (UTC)","normal"
"1425350924496",26,800,786,82,72,"Thu Mar 05 2015 01:44:09 GMT+0000 (UTC)","normal"
"1425350924496",38,838,824,82,73,"Thu Mar 05 2015 01:45:03 GMT+0000 (UTC)","normal"
"1425350924496",97,1004,921,97,74,"Thu Mar 05 2015 01:47:56 GMT+0000 (UTC)","normal"
"1424132020443",29,388,397,153,7,"Thu Mar 05 2015 02:12:41 GMT+0000 (UTC)","normal"
"1425521853695",0,3,0,0,1,"Thu Mar 05 2015 02:17:49 GMT+0000 (UTC)","normal"
"1425521853695",0,6,0,0,1,"Thu Mar 05 2015 02:18:00 GMT+0000 (UTC)","normal"
"1425521853695",0,9,0,0,2,"Thu Mar 05 2015 02:18:05 GMT+0000 (UTC)","normal"
"1425521853695",0,12,0,0,3,"Thu Mar 05 2015 02:18:09 GMT+0000 (UTC)","normal"
"1425521853695",0,15,0,0,4,"Thu Mar 05 2015 02:18:14 GMT+0000 (UTC)","normal"
"1425521853695",2,19,2,2,5,"Thu Mar 05 2015 02:19:37 GMT+0000 (UTC)","normal"
"1425521853695",31,57,33,31,6,"Thu Mar 05 2015 02:20:17 GMT+0000 (UTC)","normal"
"1425521853695",36,97,69,36,7,"Thu Mar 05 2015 02:21:06 GMT+0000 (UTC)","normal"
"1425533982582",0,4,0,0,1,"Thu Mar 05 2015 05:40:05 GMT+0000 (UTC)","normal"
"1425533982582",0,6,0,0,2,"Thu Mar 05 2015 05:40:08 GMT+0000 (UTC)","normal"
"1425533982582",0,9,0,0,3,"Thu Mar 05 2015 05:40:14 GMT+0000 (UTC)","normal"
"1425533982582",0,12,0,0,4,"Thu Mar 05 2015 05:40:19 GMT+0000 (UTC)","normal"
"1425533982582",0,12,0,0,5,"Thu Mar 05 2015 05:40:22 GMT+0000 (UTC)","normal"
"1425533982582",0,12,0,0,6,"Thu Mar 05 2015 05:40:24 GMT+0000 (UTC)","normal"
"1425533982582",0,15,0,0,7,"Thu Mar 05 2015 05:40:29 GMT+0000 (UTC)","normal"
"1425533982582",0,18,0,0,8,"Thu Mar 05 2015 05:40:36 GMT+0000 (UTC)","normal"
"1425533982582",1,20,1,1,9,"Thu Mar 05 2015 05:41:07 GMT+0000 (UTC)","normal"
"1425533982582",6,27,7,6,10,"Thu Mar 05 2015 05:41:16 GMT+0000 (UTC)","normal"
"1425533982582",2,30,9,6,11,"Thu Mar 05 2015 05:41:22 GMT+0000 (UTC)","normal"
"1425533982582",84,128,93,84,12,"Thu Mar 05 2015 05:43:03 GMT+0000 (UTC)","normal"
"1425533982582",0,128,93,84,13,"Thu Mar 05 2015 05:44:12 GMT+0000 (UTC)","normal"
"1425533982582",32,164,125,84,14,"Thu Mar 05 2015 05:47:37 GMT+0000 (UTC)","normal"
"1425328661717",5,261,247,59,17,"Thu Mar 05 2015 10:34:11 GMT+0000 (UTC)","normal"
"1425328661717",18,282,265,59,18,"Thu Mar 05 2015 10:34:41 GMT+0000 (UTC)","normal"
"1425328661717",0,285,265,59,19,"Thu Mar 05 2015 15:29:58 GMT+0000 (UTC)","normal"
"1425328661717",1,287,266,59,20,"Thu Mar 05 2015 15:30:03 GMT+0000 (UTC)","normal"
"1425328661717",31,323,297,59,21,"Thu Mar 05 2015 15:30:44 GMT+0000 (UTC)","normal"
"1425073052884",3,330,55,192,8,"Thu Mar 05 2015 21:02:06 GMT+0000 (UTC)","normal"
"1425073052884",3,331,58,192,9,"Thu Mar 05 2015 21:02:16 GMT+0000 (UTC)","normal"
"1425073052884",0,334,58,192,9,"Thu Mar 05 2015 21:02:19 GMT+0000 (UTC)","normal"
"1425073052884",3,335,61,192,10,"Thu Mar 05 2015 21:02:58 GMT+0000 (UTC)","normal"
"1425073052884",0,338,61,192,10,"Thu Mar 05 2015 21:03:01 GMT+0000 (UTC)","normal"
"1425434928936",15,664,128,118,31,"Thu Mar 05 2015 21:03:59 GMT+0000 (UTC)","normal"
"1425434928936",2,666,130,118,32,"Thu Mar 05 2015 21:04:03 GMT+0000 (UTC)","normal"
"1425434928936",6,671,136,118,33,"Thu Mar 05 2015 21:04:10 GMT+0000 (UTC)","normal"
"1425434928936",30,702,166,118,34,"Thu Mar 05 2015 21:04:44 GMT+0000 (UTC)","normal"
"1425434928936",9,710,175,118,35,"Thu Mar 05 2015 21:04:55 GMT+0000 (UTC)","normal"
"1425434928936",17,725,192,118,36,"Thu Mar 05 2015 21:05:13 GMT+0000 (UTC)","normal"
"1425434928936",0,728,192,118,37,"Thu Mar 05 2015 21:05:18 GMT+0000 (UTC)","normal"
"1425073052884",3,340,64,192,11,"Thu Mar 05 2015 21:07:34 GMT+0000 (UTC)","normal"
"1425073052884",3,343,64,192,11,"Thu Mar 05 2015 21:07:36 GMT+0000 (UTC)","normal"
"1425073052884",5,347,69,192,12,"Thu Mar 05 2015 21:07:43 GMT+0000 (UTC)","normal"
"1425073052884",5,349,69,192,12,"Thu Mar 05 2015 21:07:46 GMT+0000 (UTC)","normal"
"1425073052884",4,355,73,192,13,"Thu Mar 05 2015 21:07:55 GMT+0000 (UTC)","normal"
"1425073052884",7,360,80,192,14,"Thu Mar 05 2015 21:08:41 GMT+0000 (UTC)","normal"
"1425073052884",7,362,80,192,14,"Thu Mar 05 2015 21:08:45 GMT+0000 (UTC)","normal"
"1425073052884",2,364,82,192,15,"Thu Mar 05 2015 21:08:50 GMT+0000 (UTC)","normal"
"1425073052884",7,370,89,192,16,"Thu Mar 05 2015 21:09:01 GMT+0000 (UTC)","normal"
"1425073052884",7,373,89,192,16,"Thu Mar 05 2015 21:09:04 GMT+0000 (UTC)","normal"
"1423252868772",7,3241,42,328.0,88,"Thu Mar 05 2015 21:10:41 GMT+0000 (UTC)","normal"
"1423252868772",7,3244,42,328.0,88,"Thu Mar 05 2015 21:10:44 GMT+0000 (UTC)","normal"
"1423252868772",5,3248,47,328.0,89,"Thu Mar 05 2015 21:10:51 GMT+0000 (UTC)","normal"
"1423252868772",0,3251,47,328.0,90,"Thu Mar 05 2015 21:10:56 GMT+0000 (UTC)","normal"
"1423252868772",4,3256,51,328.0,91,"Thu Mar 05 2015 21:11:15 GMT+0000 (UTC)","normal"
"1423696083091",24,475,60,84,27,"Thu Mar 05 2015 22:00:14 GMT+0000 (UTC)","normal"
"1423696083091",42,515,102,84,28,"Thu Mar 05 2015 22:02:00 GMT+0000 (UTC)","normal"
"1423696083091",44,517,4,84,28,"Thu Mar 05 2015 22:02:05 GMT+0000 (UTC)","normal"
"1423696083091",82,596,86,84,29,"Thu Mar 05 2015 22:03:36 GMT+0000 (UTC)","normal"
"1423696083091",0,599,86,84,30,"Thu Mar 05 2015 22:03:43 GMT+0000 (UTC)","normal"
"1423696083091",18,617,104,84,31,"Thu Mar 05 2015 22:25:24 GMT+0000 (UTC)","normal"
"1423696083091",18,617,4,84,31,"Thu Mar 05 2015 22:25:27 GMT+0000 (UTC)","normal"
"1423696083091",66,680,70,84,32,"Thu Mar 05 2015 22:27:06 GMT+0000 (UTC)","normal"
"1423696083091",93,769,163,93,33,"Thu Mar 05 2015 22:28:11 GMT+0000 (UTC)","normal"
"1423696083091",0,776,67,97,34,"Thu Mar 05 2015 22:28:28 GMT+0000 (UTC)","normal"
"1423696083091",1,780,68,97,35,"Thu Mar 05 2015 22:28:43 GMT+0000 (UTC)","normal"
"1423696083091",31,817,99,97,36,"Thu Mar 05 2015 22:29:26 GMT+0000 (UTC)","normal"
"1423696083091",97,773,67,97,33,"Thu Mar 05 2015 22:29:27 GMT+0000 (UTC)","normal"
"1423696083091",34,859,133,97,37,"Thu Mar 05 2015 22:30:19 GMT+0000 (UTC)","normal"
"1423696083091",0,862,133,97,38,"Thu Mar 05 2015 22:43:10 GMT+0000 (UTC)","normal"
"1423703243941",10,2249,20255,97,110,"Fri Mar 06 2015 00:43:20 GMT+0000 (UTC)","normal"
"1423703243941",30,2288,20285,97,111,"Fri Mar 06 2015 00:44:05 GMT+0000 (UTC)","normal"
"1423703243941",33,2327,20318,97,112,"Fri Mar 06 2015 00:44:50 GMT+0000 (UTC)","normal"
"1423703243941",33,2329,20218,97,112,"Fri Mar 06 2015 00:45:07 GMT+0000 (UTC)","normal"
"1423703243941",7,2340,20225,97,113,"Fri Mar 06 2015 00:45:20 GMT+0000 (UTC)","normal"
"1425328661717",39,368,336,59,22,"Fri Mar 06 2015 00:49:06 GMT+0000 (UTC)","normal"
"1425328661717",63,433,399,63,23,"Fri Mar 06 2015 00:50:02 GMT+0000 (UTC)","normal"
"1425328661717",110,560,509,110,24,"Fri Mar 06 2015 00:54:54 GMT+0000 (UTC)","normal"
"1425328661717",111,560,510,111,24,"Fri Mar 06 2015 00:54:55 GMT+0000 (UTC)","normal"
"1425328661717",1,562,511,111,25,"Fri Mar 06 2015 00:54:56 GMT+0000 (UTC)","normal"
"1425328661717",0,565,11,111,26,"Fri Mar 06 2015 00:55:48 GMT+0000 (UTC)","blacktheme"
"1425328661717",0,568,11,111,27,"Fri Mar 06 2015 00:55:52 GMT+0000 (UTC)","blacktheme"
"1425328661717",0,571,11,111,28,"Fri Mar 06 2015 00:55:57 GMT+0000 (UTC)","blacktheme"
"1425328661717",0,574,11,111,29,"Fri Mar 06 2015 00:56:02 GMT+0000 (UTC)","blacktheme"
"1425328661717",4,580,15,111,30,"Fri Mar 06 2015 00:56:15 GMT+0000 (UTC)","blacktheme"
"1425328661717",0,581,15,111,31,"Fri Mar 06 2015 00:56:17 GMT+0000 (UTC)","blacktheme"
"1425328661717",0,584,15,111,32,"Fri Mar 06 2015 00:56:25 GMT+0000 (UTC)","blacktheme"
"1425328661717",28,610,43,111,33,"Fri Mar 06 2015 00:56:51 GMT+0000 (UTC)","blacktheme"
"1425328661717",1,614,44,111,34,"Fri Mar 06 2015 01:04:06 GMT+0000 (UTC)","normal"
"1425328661717",7,622,51,111,35,"Fri Mar 06 2015 01:04:09 GMT+0000 (UTC)","normal"
"1425328661717",7,625,51,111,35,"Fri Mar 06 2015 01:04:12 GMT+0000 (UTC)","normal"
"1425328661717",2,628,53,111,36,"Fri Mar 06 2015 01:04:19 GMT+0000 (UTC)","normal"
"1423265542728",7,2753,4662,318,110,"Fri Mar 06 2015 11:13:40 GMT+0000 (UTC)","blacktheme"
"1423265542728",5,2757,4667,318,111,"Fri Mar 06 2015 11:13:46 GMT+0000 (UTC)","blacktheme"
"1423265542728",39,2797,4706,318,112,"Fri Mar 06 2015 11:14:29 GMT+0000 (UTC)","blacktheme"
"1423265542728",43,2804,4610,318,112,"Fri Mar 06 2015 11:14:38 GMT+0000 (UTC)","blacktheme"
"1423265542728",0,2807,4610,318,113,"Fri Mar 06 2015 11:14:44 GMT+0000 (UTC)","blacktheme"
"1423252868772",3,3261,54,328.0,92,"Fri Mar 06 2015 12:57:52 GMT+0000 (UTC)","normal"
"1423252868772",82,3327,136,328.0,93,"Fri Mar 06 2015 12:59:15 GMT+0000 (UTC)","normal"
"1423252868772",106,3346,60,328.0,93,"Fri Mar 06 2015 12:59:36 GMT+0000 (UTC)","normal"
"1423252868772",3,3351,63,328.0,94,"Fri Mar 06 2015 13:12:51 GMT+0000 (UTC)","normal"
"1423252868772",2,3354,65,328.0,95,"Fri Mar 06 2015 13:12:56 GMT+0000 (UTC)","normal"
"1423252868772",3,3361,68,328.0,96,"Fri Mar 06 2015 13:13:04 GMT+0000 (UTC)","normal"
"1423252868772",4,3365,72,328.0,97,"Fri Mar 06 2015 13:13:11 GMT+0000 (UTC)","normal"
"1423252868772",0,3365,72,328.0,98,"Fri Mar 06 2015 13:13:16 GMT+0000 (UTC)","normal"
"1423252868772",0,3368,72,328.0,99,"Fri Mar 06 2015 13:15:12 GMT+0000 (UTC)","blacktheme"
"1423252868772",1,3369,73,328.0,100,"Fri Mar 06 2015 13:15:17 GMT+0000 (UTC)","blacktheme"
"1425434928936",0,729,192,118,38,"Fri Mar 06 2015 19:28:15 GMT+0000 (UTC)","normal"
"1425434928936",0,732,192,118,39,"Fri Mar 06 2015 19:28:21 GMT+0000 (UTC)","normal"
"1425434928936",3,734,195,118,40,"Fri Mar 06 2015 19:28:25 GMT+0000 (UTC)","normal"
"1425434928936",2,734,197,118,41,"Fri Mar 06 2015 19:28:27 GMT+0000 (UTC)","normal"
"1425434928936",0,735,197,118,42,"Fri Mar 06 2015 19:28:29 GMT+0000 (UTC)","normal"
"1425434928936",0,735,197,118,42,"Fri Mar 06 2015 19:28:30 GMT+0000 (UTC)","normal"
"1425434928936",0,735,197,118,42,"Fri Mar 06 2015 19:28:31 GMT+0000 (UTC)","normal"
"1425434928936",2,735,199,118,44,"Fri Mar 06 2015 19:28:33 GMT+0000 (UTC)","normal"
"1425434928936",2,737,201,118,45,"Fri Mar 06 2015 19:28:35 GMT+0000 (UTC)","normal"
"1425434928936",2,737,201,118,45,"Fri Mar 06 2015 19:28:36 GMT+0000 (UTC)","normal"
"1425434928936",2,737,201,118,45,"Fri Mar 06 2015 19:28:36 GMT+0000 (UTC)","normal"
"1425434928936",0,737,201,118,47,"Fri Mar 06 2015 19:28:38 GMT+0000 (UTC)","normal"
"1425434928936",0,737,201,118,47,"Fri Mar 06 2015 19:28:38 GMT+0000 (UTC)","normal"
"1425434928936",0,737,201,118,49,"Fri Mar 06 2015 19:28:41 GMT+0000 (UTC)","normal"
"1425434928936",0,737,201,118,49,"Fri Mar 06 2015 19:28:41 GMT+0000 (UTC)","normal"
"1425434928936",0,737,201,118,51,"Fri Mar 06 2015 19:28:43 GMT+0000 (UTC)","normal"
"1425434928936",0,738,202,118,52,"Fri Mar 06 2015 19:28:45 GMT+0000 (UTC)","normal"
"1425434928936",0,738,202,118,52,"Fri Mar 06 2015 19:28:46 GMT+0000 (UTC)","normal"
"1425434928936",0,741,202,118,53,"Fri Mar 06 2015 19:28:51 GMT+0000 (UTC)","normal"
"1425434928936",5,743,207,118,54,"Fri Mar 06 2015 19:28:59 GMT+0000 (UTC)","normal"
"1425434928936",5,745,207,118,54,"Fri Mar 06 2015 19:29:02 GMT+0000 (UTC)","normal"
"1425434928936",0,745,207,118,55,"Fri Mar 06 2015 19:30:56 GMT+0000 (UTC)","normal"
"1425434928936",2,747,209,118,56,"Fri Mar 06 2015 19:31:00 GMT+0000 (UTC)","normal"
"1425434928936",4,749,213,118,57,"Fri Mar 06 2015 19:31:03 GMT+0000 (UTC)","normal"
"1425434928936",4,749,213,118,57,"Fri Mar 06 2015 19:31:03 GMT+0000 (UTC)","normal"
"1425434928936",0,751,213,118,59,"Fri Mar 06 2015 19:31:06 GMT+0000 (UTC)","normal"
"1425434928936",0,751,213,118,59,"Fri Mar 06 2015 19:31:07 GMT+0000 (UTC)","normal"
"1425434928936",0,751,213,118,59,"Fri Mar 06 2015 19:31:07 GMT+0000 (UTC)","normal"
"1425434928936",1,752,214,118,60,"Fri Mar 06 2015 19:31:08 GMT+0000 (UTC)","normal"
"1425434928936",3,754,217,118,61,"Fri Mar 06 2015 19:31:11 GMT+0000 (UTC)","normal"
"1425434928936",3,754,217,118,61,"Fri Mar 06 2015 19:31:12 GMT+0000 (UTC)","normal"
"1425434928936",4,756,221,118,63,"Fri Mar 06 2015 19:31:14 GMT+0000 (UTC)","normal"
"1425434928936",4,756,221,118,63,"Fri Mar 06 2015 19:31:15 GMT+0000 (UTC)","normal"
"1425434928936",4,756,221,118,63,"Fri Mar 06 2015 19:31:16 GMT+0000 (UTC)","normal"
"1425434928936",4,756,221,118,63,"Fri Mar 06 2015 19:31:17 GMT+0000 (UTC)","normal"
"1425434928936",4,756,221,118,63,"Fri Mar 06 2015 19:31:17 GMT+0000 (UTC)","normal"
"1425434928936",0,758,221,118,65,"Fri Mar 06 2015 19:31:43 GMT+0000 (UTC)","normal"
"1425434928936",0,758,221,118,65,"Fri Mar 06 2015 19:31:44 GMT+0000 (UTC)","normal"
"1425434928936",3,759,224,118,66,"Fri Mar 06 2015 19:31:46 GMT+0000 (UTC)","normal"
"1425434928936",0,761,224,118,67,"Fri Mar 06 2015 19:31:48 GMT+0000 (UTC)","normal"
"1425434928936",0,761,224,118,67,"Fri Mar 06 2015 19:31:49 GMT+0000 (UTC)","normal"
"1425434928936",0,761,224,118,67,"Fri Mar 06 2015 19:31:49 GMT+0000 (UTC)","normal"
"1425434928936",0,761,224,118,68,"Fri Mar 06 2015 19:31:50 GMT+0000 (UTC)","normal"
"1425434928936",6,762,230,118,70,"Fri Mar 06 2015 19:31:53 GMT+0000 (UTC)","normal"
"1425434928936",6,763,230,118,70,"Fri Mar 06 2015 19:31:55 GMT+0000 (UTC)","normal"
"1425434928936",6,763,230,118,70,"Fri Mar 06 2015 19:31:56 GMT+0000 (UTC)","normal"
"1425434928936",6,763,230,118,70,"Fri Mar 06 2015 19:31:56 GMT+0000 (UTC)","normal"
"1425434928936",2,763,232,118,71,"Fri Mar 06 2015 19:31:58 GMT+0000 (UTC)","normal"
"1425434928936",2,765,234,118,72,"Fri Mar 06 2015 19:32:01 GMT+0000 (UTC)","normal"
"1425434928936",2,765,234,118,72,"Fri Mar 06 2015 19:32:01 GMT+0000 (UTC)","normal"
"1425434928936",2,768,234,118,72,"Fri Mar 06 2015 19:32:04 GMT+0000 (UTC)","normal"
"1425073052884",30,878,125,192,46,"Fri Mar 06 2015 19:33:10 GMT+0000 (UTC)","normal"
"1425073052884",30,880,125,192,46,"Fri Mar 06 2015 19:33:11 GMT+0000 (UTC)","normal"
"1425073052884",2,881,127,192,47,"Fri Mar 06 2015 19:33:19 GMT+0000 (UTC)","normal"
"1425073052884",1,884,128,192,48,"Fri Mar 06 2015 19:33:22 GMT+0000 (UTC)","normal"
"1425073052884",0,887,128,192,49,"Fri Mar 06 2015 19:33:26 GMT+0000 (UTC)","normal"
"1425073052884",12,900,140,192,50,"Fri Mar 06 2015 19:33:41 GMT+0000 (UTC)","normal"
"1425357609459",12,209,187,103,5,"Fri Mar 06 2015 20:06:33 GMT+0000 (UTC)","normal"
"1425350924496",4,1410,1220,97,93,"Fri Mar 06 2015 20:49:23 GMT+0000 (UTC)","normal"
"1423252868772",2,3438,142,328.0,102,"Fri Mar 06 2015 23:17:53 GMT+0000 (UTC)","normal"
"1423252868772",1,3440,143,328.0,103,"Fri Mar 06 2015 23:17:55 GMT+0000 (UTC)","normal"
"1423252868772",2,3440,144,328.0,103,"Fri Mar 06 2015 23:17:56 GMT+0000 (UTC)","normal"
"1423252868772",2,3443,146,328.0,105,"Fri Mar 06 2015 23:17:57 GMT+0000 (UTC)","normal"
"1423252868772",2,3443,146,328.0,105,"Fri Mar 06 2015 23:17:57 GMT+0000 (UTC)","normal"
"1425350924496",34,1671,1345,99,98,"Sat Mar 07 2015 16:07:05 GMT+0000 (UTC)","normal"
"1425521853695",49,207,146,49,9,"Sat Mar 07 2015 16:53:05 GMT+0000 (UTC)","normal"
"1425521853695",77,295,223,77,10,"Sat Mar 07 2015 16:55:11 GMT+0000 (UTC)","normal"
"1423696083091",31,895,164,97,39,"Sat Mar 07 2015 20:55:33 GMT+0000 (UTC)","normal"
"1423696083091",41,904,74,97,39,"Sat Mar 07 2015 20:55:46 GMT+0000 (UTC)","normal"
"1423696083091",2,909,76,97,40,"Sat Mar 07 2015 20:55:53 GMT+0000 (UTC)","normal"
"1423696083091",54,963,130,97,41,"Sat Mar 07 2015 20:56:52 GMT+0000 (UTC)","normal"
"1423696083091",67,976,43,97,41,"Sat Mar 07 2015 20:57:08 GMT+0000 (UTC)","normal"
"1423696083091",15,992,58,97,42,"Sun Mar 08 2015 00:05:05 GMT+0000 (UTC)","normal"
"1423252868772",2,3514,236,328.0,108,"Sun Mar 08 2015 06:38:42 GMT+0000 (UTC)","normal"
"1423333719826",83,3337,194,345,80,"Sun Mar 08 2015 22:23:24 GMT+0000 (UTC)","normal"
"1423333719826",43,3374,237,345,81,"Sun Mar 08 2015 22:24:03 GMT+0000 (UTC)","blacktheme"
"1423333719826",9,3382,246,345,82,"Sun Mar 08 2015 22:24:51 GMT+0000 (UTC)","normal"
"1423333719826",7,3388,253,345,83,"Sun Mar 08 2015 22:24:59 GMT+0000 (UTC)","normal"
"1424132020443",94,540,545,153,9,"Mon Mar 09 2015 12:41:47 GMT+0000 (UTC)","normal"
"1424132020443",99,544,450,153,9,"Mon Mar 09 2015 12:41:55 GMT+0000 (UTC)","normal"
"1424132020443",99,545,450,153,9,"Mon Mar 09 2015 12:41:56 GMT+0000 (UTC)","normal"
"1424132020443",104,550,255,153,9,"Mon Mar 09 2015 12:42:04 GMT+0000 (UTC)","normal"
"1423265542728",31,2843,4641,318,114,"Mon Mar 09 2015 13:35:52 GMT+0000 (UTC)","blacktheme"
"1425907248080",10,18,12,10,3,"Mon Mar 09 2015 17:13:09 GMT+0000 (UTC)","normal"
"1423253770112",0,6,4,4,2,"Mon Mar 09 2015 17:34:27 GMT+0000 (UTC)","normal"
"1425434928936",2,770,236,118,73,"Mon Mar 09 2015 18:38:12 GMT+0000 (UTC)","normal"
"1425434928936",16,785,252,118,74,"Mon Mar 09 2015 18:38:28 GMT+0000 (UTC)","normal"
"1425434928936",13,797,265,118,75,"Mon Mar 09 2015 18:38:43 GMT+0000 (UTC)","normal"
"1425400633051",0,86,3,0,3,"Mon Mar 09 2015 18:42:57 GMT+0000 (UTC)","normal"
"1425400633051",1,88,4,1,4,"Mon Mar 09 2015 19:08:19 GMT+0000 (UTC)","normal"
"1425928813719",1,1,1,1,1,"Mon Mar 09 2015 19:20:39 GMT+0000 (UTC)","normal"
"1425928939174",6,5,6,6,1,"Mon Mar 09 2015 19:22:44 GMT+0000 (UTC)","normal"
"1425928939174",0,8,6,6,1,"Mon Mar 09 2015 19:22:47 GMT+0000 (UTC)","normal"
"1425928939174",1,8,7,6,2,"Mon Mar 09 2015 19:22:58 GMT+0000 (UTC)","normal"
"1425928939174",0,11,7,6,2,"Mon Mar 09 2015 19:23:01 GMT+0000 (UTC)","normal"
"1425928939174",0,11,7,6,3,"Mon Mar 09 2015 19:23:07 GMT+0000 (UTC)","normal"
"1425928939174",0,11,7,6,4,"Mon Mar 09 2015 19:23:14 GMT+0000 (UTC)","normal"
"1425928939174",3,12,10,6,5,"Mon Mar 09 2015 19:23:19 GMT+0000 (UTC)","normal"
"1425928939174",0,14,10,6,5,"Mon Mar 09 2015 19:23:22 GMT+0000 (UTC)","normal"
"1425928939174",7,17,17,7,6,"Mon Mar 09 2015 19:27:03 GMT+0000 (UTC)","normal"
"1425928939174",0,20,17,7,6,"Mon Mar 09 2015 19:27:06 GMT+0000 (UTC)","normal"
"1425928939174",1,21,18,7,7,"Mon Mar 09 2015 19:29:27 GMT+0000 (UTC)","normal"
"1425928939174",9,23,27,9,8,"Mon Mar 09 2015 19:29:31 GMT+0000 (UTC)","normal"
"1425928939174",9,24,27,9,8,"Mon Mar 09 2015 19:29:32 GMT+0000 (UTC)","normal"
"1425928939174",5,25,32,9,9,"Mon Mar 09 2015 19:29:41 GMT+0000 (UTC)","normal"
"1425928939174",0,27,32,9,9,"Mon Mar 09 2015 19:29:44 GMT+0000 (UTC)","normal"
"1425928939174",0,27,32,9,9,"Mon Mar 09 2015 19:29:44 GMT+0000 (UTC)","normal"
"1425928939174",4,28,36,9,10,"Mon Mar 09 2015 19:33:31 GMT+0000 (UTC)","normal"
"1425928939174",0,30,36,9,10,"Mon Mar 09 2015 19:33:33 GMT+0000 (UTC)","normal"
"1425928939174",1,275,47,9,13,"Mon Mar 09 2015 19:43:21 GMT+0000 (UTC)","normal"
"1425928939174",4,279,51,9,14,"Mon Mar 09 2015 19:43:21 GMT+0000 (UTC)","normal"
"1425928939174",3,281,54,9,15,"Mon Mar 09 2015 19:43:28 GMT+0000 (UTC)","normal"
"1425928939174",0,281,54,9,16,"Mon Mar 09 2015 19:43:36 GMT+0000 (UTC)","normal"
"1425928939174",1,282,55,9,17,"Mon Mar 09 2015 19:43:40 GMT+0000 (UTC)","normal"
"1425928939174",0,282,55,9,18,"Mon Mar 09 2015 19:43:43 GMT+0000 (UTC)","normal"
"1425928939174",3,285,58,9,19,"Mon Mar 09 2015 19:43:49 GMT+0000 (UTC)","normal"
"1425928939174",2,286,60,9,20,"Mon Mar 09 2015 19:43:52 GMT+0000 (UTC)","normal"
"1425928939174",7,289,67,9,21,"Mon Mar 09 2015 19:43:58 GMT+0000 (UTC)","normal"
"1425928939174",1,290,68,9,22,"Mon Mar 09 2015 19:44:03 GMT+0000 (UTC)","normal"
"1425928939174",0,290,68,9,23,"Mon Mar 09 2015 19:44:04 GMT+0000 (UTC)","normal"
"1425928939174",1,291,69,9,24,"Mon Mar 09 2015 19:44:07 GMT+0000 (UTC)","normal"
"1425928939174",0,291,69,9,25,"Mon Mar 09 2015 19:44:09 GMT+0000 (UTC)","normal"
"1425928939174",4,295,73,9,26,"Mon Mar 09 2015 19:44:14 GMT+0000 (UTC)","normal"
"1425928939174",1,296,74,9,27,"Mon Mar 09 2015 19:44:26 GMT+0000 (UTC)","normal"
"1425928939174",6,300,80,9,28,"Mon Mar 09 2015 19:49:17 GMT+0000 (UTC)","normal"
"1425928939174",1,301,81,9,29,"Mon Mar 09 2015 19:49:19 GMT+0000 (UTC)","normal"
"1425928939174",0,301,81,9,30,"Mon Mar 09 2015 19:49:22 GMT+0000 (UTC)","normal"
"1425928939174",0,301,81,9,31,"Mon Mar 09 2015 19:49:23 GMT+0000 (UTC)","normal"
"1425928939174",0,301,81,9,32,"Mon Mar 09 2015 19:49:25 GMT+0000 (UTC)","normal"
"1425928939174",2,302,83,9,33,"Mon Mar 09 2015 19:49:27 GMT+0000 (UTC)","normal"
"1425928939174",0,302,83,9,34,"Mon Mar 09 2015 19:49:32 GMT+0000 (UTC)","normal"
"1425928939174",5,305,88,9,35,"Mon Mar 09 2015 19:49:41 GMT+0000 (UTC)","normal"
"1425937156185",1,1,1,1,1,"Mon Mar 09 2015 21:39:36 GMT+0000 (UTC)","normal"
"1425937156185",4,4,5,4,2,"Mon Mar 09 2015 21:39:41 GMT+0000 (UTC)","normal"
"1425400633051",0,91,4,1,5,"Tue Mar 10 2015 12:25:26 GMT+0000 (UTC)","normal"
"1425400633051",0,94,4,1,6,"Tue Mar 10 2015 12:25:30 GMT+0000 (UTC)","normal"
"1425400633051",0,97,4,1,7,"Tue Mar 10 2015 12:28:59 GMT+0000 (UTC)","normal"
"1425400633051",11,113,15,11,8,"Tue Mar 10 2015 12:33:43 GMT+0000 (UTC)","normal"
"1425400633051",0,116,15,11,9,"Tue Mar 10 2015 12:34:55 GMT+0000 (UTC)","normal"
"1425400633051",5,123,20,11,10,"Tue Mar 10 2015 12:36:22 GMT+0000 (UTC)","normal"
"1425400633051",12,139,32,12,11,"Tue Mar 10 2015 12:37:09 GMT+0000 (UTC)","normal"
"1425338488133",39,251,139,82,4,"Tue Mar 10 2015 16:07:18 GMT+0000 (UTC)","normal"
"1423622559471",29,4394,298,172,99,"Tue Mar 10 2015 17:00:16 GMT+0000 (UTC)","blacktheme"
"1425922615605",76,60,77,76,2,"Tue Mar 10 2015 23:41:59 GMT+0000 (UTC)","normal"
"1425922615605",9,75,86,76,3,"Tue Mar 10 2015 23:42:23 GMT+0000 (UTC)","normal"
"1425922615605",43,144,129,76,4,"Tue Mar 10 2015 23:43:35 GMT+0000 (UTC)","normal"
"1425937156185",7,128,38,46,9,"Wed Mar 11 2015 13:52:17 GMT+0000 (UTC)","normal"
"1425922615605",29,183,175,76,6,"Wed Mar 11 2015 16:11:03 GMT+0000 (UTC)","normal"
"1425922615605",6,187,181,76,7,"Wed Mar 11 2015 16:11:05 GMT+0000 (UTC)","normal"
"1425922615605",105,271,286,105,8,"Wed Mar 11 2015 16:12:32 GMT+0000 (UTC)","normal"
"1425922615605",109,274,190,109,8,"Wed Mar 11 2015 16:12:36 GMT+0000 (UTC)","normal"
"1425922615605",73,332,263,109,9,"Wed Mar 11 2015 16:13:37 GMT+0000 (UTC)","normal"
"1425922615605",111,421,374,111,10,"Wed Mar 11 2015 16:15:08 GMT+0000 (UTC)","normal"
"1426146253069",0,3,0,0,1,"Thu Mar 12 2015 07:44:44 GMT+0000 (UTC)","normal"
"1426146253069",8,13,8,8,2,"Thu Mar 12 2015 07:44:57 GMT+0000 (UTC)","normal"
"1426146253069",58,81,66,58,3,"Thu Mar 12 2015 07:46:07 GMT+0000 (UTC)","normal"
"1426146253069",20,106,86,58,4,"Thu Mar 12 2015 07:47:24 GMT+0000 (UTC)","normal"
"1426146253069",88,203,174,88,5,"Thu Mar 12 2015 07:49:13 GMT+0000 (UTC)","normal"
"1426146253069",97,212,83,97,5,"Thu Mar 12 2015 07:49:24 GMT+0000 (UTC)","normal"
"1426146253069",80,296,163,97,6,"Thu Mar 12 2015 07:51:08 GMT+0000 (UTC)","normal"
"1426146253069",81,297,64,97,6,"Thu Mar 12 2015 07:51:14 GMT+0000 (UTC)","normal"
"1426146253069",16,312,80,97,7,"Thu Mar 12 2015 07:51:31 GMT+0000 (UTC)","normal"
"1426146253069",33,349,113,97,8,"Thu Mar 12 2015 07:52:11 GMT+0000 (UTC)","normal"
"1426146253069",34,349,14,97,8,"Thu Mar 12 2015 07:52:13 GMT+0000 (UTC)","normal"
"1426146253069",1,351,15,97,9,"Thu Mar 12 2015 07:52:16 GMT+0000 (UTC)","normal"
"1426146253069",9,360,24,97,10,"Thu Mar 12 2015 07:52:26 GMT+0000 (UTC)","normal"
"1426146253069",94,462,118,97,11,"Thu Mar 12 2015 07:54:10 GMT+0000 (UTC)","normal"
"1426146253069",116,485,40,116,11,"Thu Mar 12 2015 07:54:37 GMT+0000 (UTC)","normal"
"1423265542728",5,2849,4646,318,115,"Thu Mar 12 2015 12:22:20 GMT+0000 (UTC)","normal"
"1423265542728",46,2908,4692,318,116,"Thu Mar 12 2015 12:23:18 GMT+0000 (UTC)","normal"
"1423265542728",115,2983,4661,318,116,"Thu Mar 12 2015 12:24:39 GMT+0000 (UTC)","normal"
"1423265542728",116,2983,4462,318,116,"Thu Mar 12 2015 12:24:39 GMT+0000 (UTC)","normal"
"1423265542728",116,2983,4462,318,116,"Thu Mar 12 2015 12:24:39 GMT+0000 (UTC)","normal"
"1423265542728",117,2985,4163,318,116,"Thu Mar 12 2015 12:24:41 GMT+0000 (UTC)","normal"
"1426146253069",28,518,68,116,12,"Thu Mar 12 2015 15:45:32 GMT+0000 (UTC)","normal"
"1426146253069",28,545,96,116,13,"Thu Mar 12 2015 15:50:09 GMT+0000 (UTC)","normal"
"1426146253069",24,568,120,116,14,"Thu Mar 12 2015 15:50:32 GMT+0000 (UTC)","normal"
"1426146253069",79,627,75,116,14,"Thu Mar 12 2015 15:51:35 GMT+0000 (UTC)","normal"
"1424132020443",159,708,414,159,10,"Sat Mar 14 2015 18:28:22 GMT+0000 (UTC)","normal"
"1424132020443",18,727,432,159,11,"Tue Mar 17 2015 19:08:34 GMT+0000 (UTC)","normal"
"1424132020443",70,779,384,159,11,"Tue Mar 17 2015 19:09:27 GMT+0000 (UTC)","normal"
"1427140089155",5,9,5,5,1,"Mon Mar 23 2015 19:48:22 GMT+0000 (UTC)","normal"
"1427140089155",3,12,8,5,2,"Mon Mar 23 2015 19:48:26 GMT+0000 (UTC)","normal"
"1427140089155",1,13,9,5,3,"Mon Mar 23 2015 19:48:29 GMT+0000 (UTC)","normal"
"1427140089155",73,95,82,73,4,"Mon Mar 23 2015 19:49:54 GMT+0000 (UTC)","normal"
"1427140089155",5,101,87,73,5,"Mon Mar 23 2015 19:50:06 GMT+0000 (UTC)","normal"
"1427140089155",3,104,90,73,6,"Mon Mar 23 2015 19:50:32 GMT+0000 (UTC)","normal"
"1427140089155",2,105,92,73,7,"Mon Mar 23 2015 19:50:35 GMT+0000 (UTC)","normal"
"1427140089155",15,120,107,73,8,"Mon Mar 23 2015 19:51:37 GMT+0000 (UTC)","normal"
"1427140089155",18,137,125,73,9,"Mon Mar 23 2015 19:51:57 GMT+0000 (UTC)","normal"
"1427140089155",15,152,140,73,10,"Mon Mar 23 2015 19:52:14 GMT+0000 (UTC)","normal"
"1427140089155",24,176,164,73,11,"Mon Mar 23 2015 19:52:40 GMT+0000 (UTC)","normal"
"1427140089155",74,256,238,74,12,"Mon Mar 23 2015 19:54:03 GMT+0000 (UTC)","normal"
"1427140089155",17,273,255,74,13,"Mon Mar 23 2015 19:54:22 GMT+0000 (UTC)","normal"
"1427140089155",56,374,311,74,14,"Mon Mar 23 2015 19:56:05 GMT+0000 (UTC)","normal"
"1427140089155",104,423,259,104,14,"Mon Mar 23 2015 19:56:57 GMT+0000 (UTC)","normal"
"1427140089155",112,430,67,112,14,"Mon Mar 23 2015 19:57:08 GMT+0000 (UTC)","normal"
"1427140089155",1,434,68,112,15,"Mon Mar 23 2015 19:57:13 GMT+0000 (UTC)","normal"
"1427140089155",17,451,85,112,16,"Mon Mar 23 2015 19:57:53 GMT+0000 (UTC)","normal"
"1426175918671",74,85,74,74,1,"Tue Mar 24 2015 04:42:10 GMT+0000 (UTC)","normal"
"1426175918671",0,86,74,74,2,"Tue Mar 24 2015 04:42:52 GMT+0000 (UTC)","normal"
"1426175918671",0,88,74,74,3,"Tue Mar 24 2015 04:42:58 GMT+0000 (UTC)","normal"
"1425315421807",35,481,397,94,13,"Wed Mar 25 2015 01:19:41 GMT+0000 (UTC)","normal"
"1425350924496",0,1672,1345,99,99,"Thu Mar 26 2015 03:40:16 GMT+0000 (UTC)","normal"
"1425350924496",0,1672,1345,99,100,"Thu Mar 26 2015 03:40:16 GMT+0000 (UTC)","normal"
"1425350924496",0,1672,1345,99,101,"Thu Mar 26 2015 03:40:17 GMT+0000 (UTC)","normal"
"1425350924496",31,1709,1376,99,102,"Thu Mar 26 2015 03:40:49 GMT+0000 (UTC)","normal"
"1425350924496",15,1721,1391,99,103,"Thu Mar 26 2015 03:41:03 GMT+0000 (UTC)","normal"
"1425350924496",0,1724,1391,99,104,"Thu Mar 26 2015 03:41:08 GMT+0000 (UTC)","normal"
"1425350924496",3,1726,1394,99,105,"Thu Mar 26 2015 03:41:12 GMT+0000 (UTC)","normal"
"1425350924496",4,1730,1398,99,106,"Thu Mar 26 2015 03:41:39 GMT+0000 (UTC)","normal"
"1425350924496",24,1756,1422,99,107,"Thu Mar 26 2015 03:42:11 GMT+0000 (UTC)","normal"
"1425937156185",18,147,56,46,10,"Thu Mar 26 2015 20:09:44 GMT+0000 (UTC)","normal"
"1425937156185",13,160,69,46,11,"Thu Mar 26 2015 20:09:58 GMT+0000 (UTC)","normal"
"1425937156185",8,172,77,46,12,"Thu Mar 26 2015 20:10:14 GMT+0000 (UTC)","normal"
"1427464444350",15,17,15,15,1,"Fri Mar 27 2015 13:54:59 GMT+0000 (UTC)","normal"
"1427464444350",111,117,126,111,2,"Fri Mar 27 2015 13:56:42 GMT+0000 (UTC)","normal"
"1427464444350",114,120,29,114,2,"Fri Mar 27 2015 13:56:48 GMT+0000 (UTC)","normal"
"1427465449338",2,2,2,2,1,"Fri Mar 27 2015 14:11:01 GMT+0000 (UTC)","normal"
"1426358085823",0,3,0,0,1,"Fri Mar 27 2015 17:51:05 GMT+0000 (UTC)","normal"
"1426358085823",0,13,0,0,2,"Fri Mar 27 2015 17:51:16 GMT+0000 (UTC)","normal"
"1426358085823",0,16,0,0,3,"Fri Mar 27 2015 17:51:27 GMT+0000 (UTC)","normal"
"1426358085823",0,18,0,0,4,"Fri Mar 27 2015 17:51:28 GMT+0000 (UTC)","normal"
"1426358085823",0,18,0,0,5,"Fri Mar 27 2015 17:51:31 GMT+0000 (UTC)","normal"
"1426358085823",0,18,0,0,6,"Fri Mar 27 2015 17:51:34 GMT+0000 (UTC)","normal"
"1426358085823",0,20,0,0,7,"Fri Mar 27 2015 17:51:43 GMT+0000 (UTC)","normal"
"1426358085823",1,23,1,1,8,"Fri Mar 27 2015 17:52:21 GMT+0000 (UTC)","normal"
"1426358085823",0,23,1,1,9,"Fri Mar 27 2015 17:52:21 GMT+0000 (UTC)","normal"
"1426358085823",5,31,6,5,10,"Fri Mar 27 2015 17:52:34 GMT+0000 (UTC)","normal"
"1426358085823",1,34,7,5,11,"Fri Mar 27 2015 17:52:36 GMT+0000 (UTC)","normal"
"1426358085823",16,59,23,16,12,"Fri Mar 27 2015 17:53:10 GMT+0000 (UTC)","normal"
"1426358085823",1,62,24,16,13,"Fri Mar 27 2015 17:53:11 GMT+0000 (UTC)","normal"
"1426358085823",11,76,35,16,14,"Fri Mar 27 2015 17:53:28 GMT+0000 (UTC)","normal"
"1426358085823",4,84,39,16,15,"Fri Mar 27 2015 17:53:38 GMT+0000 (UTC)","normal"
"1426146253069",17,646,92,116,15,"Fri Mar 27 2015 22:17:20 GMT+0000 (UTC)","normal"
"1427804809971",0,8,0,0,1,"Tue Mar 31 2015 12:27:09 GMT+0000 (UTC)","normal"
"1427804809971",0,9,0,0,2,"Tue Mar 31 2015 12:27:12 GMT+0000 (UTC)","normal"
"1427804809971",30,47,30,30,3,"Tue Mar 31 2015 12:28:23 GMT+0000 (UTC)","normal"
"1427804809971",45,99,75,45,4,"Tue Mar 31 2015 12:29:18 GMT+0000 (UTC)","normal"
"1427465449338",0,3,2,2,2,"Tue Mar 31 2015 15:12:27 GMT+0000 (UTC)","normal"
"1427465449338",4,8,6,4,3,"Tue Mar 31 2015 15:12:33 GMT+0000 (UTC)","normal"
"1427465449338",1,9,7,4,4,"Tue Mar 31 2015 15:12:36 GMT+0000 (UTC)","normal"
"1427465449338",0,9,7,4,5,"Tue Mar 31 2015 15:12:37 GMT+0000 (UTC)","normal"
"1427465449338",11,21,18,11,6,"Tue Mar 31 2015 15:12:52 GMT+0000 (UTC)","normal"
"1427465449338",38,70,56,38,7,"Tue Mar 31 2015 15:13:43 GMT+0000 (UTC)","normal"
"1426972390601",0,3,0,0,1,"Tue Mar 31 2015 23:24:36 GMT+0000 (UTC)","normal"
"1426983144228",155,152,167,155,2,"Thu Apr 02 2015 14:21:53 GMT+0000 (UTC)","normal"
"1427140089155",2,454,87,112,17,"Fri Apr 03 2015 01:05:07 GMT+0000 (UTC)","normal"
"1427140089155",15,469,102,112,18,"Fri Apr 03 2015 01:05:40 GMT+0000 (UTC)","normal"
"1427140089155",6,474,108,112,19,"Fri Apr 03 2015 01:05:46 GMT+0000 (UTC)","normal"
"1427140089155",21,492,129,112,20,"Fri Apr 03 2015 01:06:06 GMT+0000 (UTC)","normal"
"1427140089155",0,492,129,112,21,"Fri Apr 03 2015 01:06:07 GMT+0000 (UTC)","normal"
"1427140089155",1,493,130,112,22,"Fri Apr 03 2015 01:06:09 GMT+0000 (UTC)","normal"
"1427140089155",61,555,191,112,23,"Fri Apr 03 2015 01:07:14 GMT+0000 (UTC)","normal"
"1427140089155",12,565,203,112,24,"Fri Apr 03 2015 01:07:25 GMT+0000 (UTC)","normal"
"1427140089155",4,568,207,112,25,"Fri Apr 03 2015 01:07:31 GMT+0000 (UTC)","normal"
"1427140089155",2,569,209,112,26,"Fri Apr 03 2015 01:07:34 GMT+0000 (UTC)","normal"
"1427140089155",0,569,209,112,27,"Fri Apr 03 2015 01:07:36 GMT+0000 (UTC)","normal"
"1427140089155",0,569,209,112,28,"Fri Apr 03 2015 01:07:37 GMT+0000 (UTC)","normal"
"1427140089155",4,573,213,112,29,"Fri Apr 03 2015 01:07:44 GMT+0000 (UTC)","normal"
"1427140089155",0,573,213,112,30,"Fri Apr 03 2015 01:07:45 GMT+0000 (UTC)","normal"
"1427140089155",1,574,214,112,31,"Fri Apr 03 2015 01:07:48 GMT+0000 (UTC)","normal"
"1427140089155",0,574,214,112,32,"Fri Apr 03 2015 01:07:49 GMT+0000 (UTC)","normal"
"1427140089155",17,588,231,112,33,"Fri Apr 03 2015 01:08:07 GMT+0000 (UTC)","normal"
"1427140089155",1,589,232,112,34,"Fri Apr 03 2015 01:08:09 GMT+0000 (UTC)","normal"
"1427140089155",7,595,239,112,35,"Fri Apr 03 2015 01:08:18 GMT+0000 (UTC)","normal"
"1427140089155",2,596,241,112,36,"Fri Apr 03 2015 01:08:21 GMT+0000 (UTC)","normal"
"1427140089155",0,596,241,112,37,"Fri Apr 03 2015 01:08:24 GMT+0000 (UTC)","normal"
"1427140089155",0,599,241,112,38,"Fri Apr 03 2015 01:08:29 GMT+0000 (UTC)","normal"
"1425338488133",107,1041,204,171,15,"Fri Apr 03 2015 06:27:33 GMT+0000 (UTC)","normal"
"1425338488133",31,1073,235,171,16,"Fri Apr 03 2015 06:28:08 GMT+0000 (UTC)","normal"
"1425338488133",10,1083,245,171,17,"Fri Apr 03 2015 06:28:19 GMT+0000 (UTC)","normal"
"1428087147228",0,7,0,0,1,"Fri Apr 03 2015 18:52:36 GMT+0000 (UTC)","normal"
"1428087147228",0,8,0,0,2,"Fri Apr 03 2015 18:52:40 GMT+0000 (UTC)","normal"
"1428087147228",1,11,1,1,3,"Fri Apr 03 2015 18:52:45 GMT+0000 (UTC)","normal"
"1428087147228",1,12,2,1,4,"Fri Apr 03 2015 18:52:49 GMT+0000 (UTC)","normal"
"1428087147228",99,118,101,99,5,"Fri Apr 03 2015 18:54:42 GMT+0000 (UTC)","normal"
"1428087147228",6,127,107,99,6,"Fri Apr 03 2015 23:29:53 GMT+0000 (UTC)","normal"
"1428384569405",0,3,0,0,1,"Tue Apr 07 2015 05:32:36 GMT+0000 (UTC)","normal"
"1428384569405",0,5,0,0,2,"Tue Apr 07 2015 05:32:42 GMT+0000 (UTC)","normal"
"1428384569405",0,10,0,0,3,"Tue Apr 07 2015 05:32:50 GMT+0000 (UTC)","normal"
"1428384569405",0,11,0,0,4,"Tue Apr 07 2015 05:32:55 GMT+0000 (UTC)","normal"
"1428384569405",0,12,0,0,5,"Tue Apr 07 2015 05:32:57 GMT+0000 (UTC)","normal"
"1428384569405",1,13,1,1,6,"Tue Apr 07 2015 05:33:00 GMT+0000 (UTC)","normal"
"1428384569405",1,14,2,1,7,"Tue Apr 07 2015 05:33:02 GMT+0000 (UTC)","normal"
"1428384569405",0,15,2,1,8,"Tue Apr 07 2015 05:33:06 GMT+0000 (UTC)","normal"
"1428384569405",1,15,3,1,9,"Tue Apr 07 2015 05:33:07 GMT+0000 (UTC)","normal"
"1428384569405",2,16,5,2,10,"Tue Apr 07 2015 05:33:12 GMT+0000 (UTC)","normal"
"1428384569405",0,16,5,2,11,"Tue Apr 07 2015 05:33:13 GMT+0000 (UTC)","normal"
"1424132020443",44,989,93,159,17,"Tue Apr 07 2015 13:40:59 GMT+0000 (UTC)","blacktheme"
"1424132020443",54,1044,147,159,18,"Tue Apr 07 2015 13:41:55 GMT+0000 (UTC)","blacktheme"
"1424132020443",85,1077,78,159,18,"Tue Apr 07 2015 13:42:30 GMT+0000 (UTC)","blacktheme"
"1427465449338",9,82,65,38,8,"Thu Apr 09 2015 00:19:33 GMT+0000 (UTC)","normal"
"1427465449338",5,88,70,38,9,"Thu Apr 09 2015 00:19:40 GMT+0000 (UTC)","normal"
"1427465449338",31,130,101,38,10,"Thu Apr 09 2015 00:20:23 GMT+0000 (UTC)","normal"
"1427465449338",31,131,1,38,10,"Thu Apr 09 2015 00:20:27 GMT+0000 (UTC)","normal"
"1427465449338",2,136,3,38,11,"Thu Apr 09 2015 00:20:33 GMT+0000 (UTC)","normal"
"1427465449338",29,178,32,38,12,"Thu Apr 09 2015 00:21:17 GMT+0000 (UTC)","normal"
"1427465449338",0,181,32,38,13,"Thu Apr 09 2015 15:58:08 GMT+0000 (UTC)","normal"
"1427465449338",0,183,32,38,14,"Thu Apr 09 2015 15:58:21 GMT+0000 (UTC)","normal"
"1427465449338",2,187,34,38,15,"Thu Apr 09 2015 15:58:26 GMT+0000 (UTC)","normal"
"1427465449338",0,188,34,38,16,"Thu Apr 09 2015 15:58:29 GMT+0000 (UTC)","normal"
"1427465449338",10,202,44,38,17,"Thu Apr 09 2015 15:58:46 GMT+0000 (UTC)","normal"
"1427465449338",30,237,74,38,18,"Thu Apr 09 2015 15:59:25 GMT+0000 (UTC)","normal"
"1427465449338",30,270,104,38,19,"Thu Apr 09 2015 16:00:00 GMT+0000 (UTC)","normal"
"1427465449338",31,306,135,38,20,"Sat Apr 11 2015 00:52:09 GMT+0000 (UTC)","normal"
"1428950157591",0,8,0,0,1,"Mon Apr 13 2015 18:35:42 GMT+0000 (UTC)","normal"
"1428950157591",0,11,0,0,2,"Mon Apr 13 2015 18:35:47 GMT+0000 (UTC)","normal"
"1428950157591",0,14,0,0,3,"Mon Apr 13 2015 18:36:12 GMT+0000 (UTC)","normal"
"1428950157591",78,100,78,78,4,"Mon Apr 13 2015 18:37:41 GMT+0000 (UTC)","normal"
"1427465449338",0,309,135,38,21,"Wed Apr 15 2015 16:42:16 GMT+0000 (UTC)","normal"
"1427465449338",22,335,157,38,22,"Wed Apr 15 2015 16:45:10 GMT+0000 (UTC)","normal"
"1429116951382",0,2,0,0,1,"Wed Apr 15 2015 16:54:20 GMT+0000 (UTC)","normal"
"1429116951382",1,10,1,1,2,"Wed Apr 15 2015 16:54:31 GMT+0000 (UTC)","normal"
"1429116951382",45,68,46,45,3,"Wed Apr 15 2015 16:55:31 GMT+0000 (UTC)","normal"
"1429116951382",0,71,46,45,4,"Wed Apr 15 2015 16:55:35 GMT+0000 (UTC)","normal"
"1425316248364",60,246,236,60,8,"Fri Apr 17 2015 12:50:23 GMT+0000 (UTC)","normal"